characterId,displayName,unplayable,frameIndex,reason,areaRatio,verticalSeparation,horizontalSeparation,file,reviewImage
allen-walker,"Allen Walker",false,444,stacked-body-sized-components,0.998,0.966,0.051,public/characters/allen-walker/frames/frame-444.png,frames/allen-walker-frame-444.png
allen-walker,"Allen Walker",false,445,stacked-body-sized-components,0.955,2.136,0.167,public/characters/allen-walker/frames/frame-445.png,frames/allen-walker-frame-445.png
allen-walker,"Allen Walker",false,446,stacked-body-sized-components,0.937,1.192,0.029,public/characters/allen-walker/frames/frame-446.png,frames/allen-walker-frame-446.png
allen-walker,"Allen Walker",false,447,stacked-body-sized-components,0.931,2.076,0.061,public/characters/allen-walker/frames/frame-447.png,frames/allen-walker-frame-447.png
allen-walker,"Allen Walker",false,448,stacked-body-sized-components,0.925,2.076,0.061,public/characters/allen-walker/frames/frame-448.png,frames/allen-walker-frame-448.png
allen-walker,"Allen Walker",false,449,stacked-body-sized-components,0.931,2.413,0.121,public/characters/allen-walker/frames/frame-449.png,frames/allen-walker-frame-449.png
allen-walker,"Allen Walker",false,450,stacked-body-sized-components,0.945,2.423,0.045,public/characters/allen-walker/frames/frame-450.png,frames/allen-walker-frame-450.png
allen-walker,"Allen Walker",false,451,stacked-body-sized-components,0.864,1.23,0,public/characters/allen-walker/frames/frame-451.png,frames/allen-walker-frame-451.png
allen-walker,"Allen Walker",false,452,stacked-body-sized-components,0.82,1.265,0.057,public/characters/allen-walker/frames/frame-452.png,frames/allen-walker-frame-452.png
allen-walker,"Allen Walker",false,453,stacked-body-sized-components,0.971,0.966,0.093,public/characters/allen-walker/frames/frame-453.png,frames/allen-walker-frame-453.png
allen-walker,"Allen Walker",false,454,stacked-body-sized-components,0.998,0.966,0.051,public/characters/allen-walker/frames/frame-454.png,frames/allen-walker-frame-454.png
allen-walker,"Allen Walker",false,455,stacked-body-sized-components,0.955,2.136,0.167,public/characters/allen-walker/frames/frame-455.png,frames/allen-walker-frame-455.png
allen-walker,"Allen Walker",false,456,stacked-body-sized-components,0.937,1.192,0.029,public/characters/allen-walker/frames/frame-456.png,frames/allen-walker-frame-456.png
allen-walker,"Allen Walker",false,457,stacked-body-sized-components,0.931,2.076,0.061,public/characters/allen-walker/frames/frame-457.png,frames/allen-walker-frame-457.png
allen-walker,"Allen Walker",false,458,stacked-body-sized-components,0.925,2.076,0.061,public/characters/allen-walker/frames/frame-458.png,frames/allen-walker-frame-458.png
allen-walker,"Allen Walker",false,459,stacked-body-sized-components,0.931,2.413,0.121,public/characters/allen-walker/frames/frame-459.png,frames/allen-walker-frame-459.png
allen-walker,"Allen Walker",false,460,stacked-body-sized-components,0.945,2.423,0.045,public/characters/allen-walker/frames/frame-460.png,frames/allen-walker-frame-460.png
allen-walker,"Allen Walker",false,461,stacked-body-sized-components,0.864,1.23,0,public/characters/allen-walker/frames/frame-461.png,frames/allen-walker-frame-461.png
allen-walker,"Allen Walker",false,462,stacked-body-sized-components,0.82,1.265,0.057,public/characters/allen-walker/frames/frame-462.png,frames/allen-walker-frame-462.png
allen-walker,"Allen Walker",false,463,stacked-body-sized-components,0.971,0.966,0.093,public/characters/allen-walker/frames/frame-463.png,frames/allen-walker-frame-463.png
anna-kyoyama,"Anna Kyoyama",false,155,side-by-side-body-sized-components,0.621,0.182,1.208,public/characters/anna-kyoyama/frames/frame-155.png,frames/anna-kyoyama-frame-155.png
anna-kyoyama,"Anna Kyoyama",false,160,side-by-side-body-sized-components,0.326,0.128,0.762,public/characters/anna-kyoyama/frames/frame-160.png,frames/anna-kyoyama-frame-160.png
anna-kyoyama,"Anna Kyoyama",false,161,stacked-body-sized-components,0.285,0.557,0.817,public/characters/anna-kyoyama/frames/frame-161.png,frames/anna-kyoyama-frame-161.png
anna-kyoyama,"Anna Kyoyama",false,162,many-major-components,0.202,0.151,0.738,public/characters/anna-kyoyama/frames/frame-162.png,frames/anna-kyoyama-frame-162.png
anna-kyoyama,"Anna Kyoyama",false,163,many-major-components,0.251,0.045,0.889,public/characters/anna-kyoyama/frames/frame-163.png,frames/anna-kyoyama-frame-163.png
arale-norimaki,"Arale Norimaki",false,144,stacked-body-sized-components,0.795,0.603,0.5,public/characters/arale-norimaki/frames/frame-144.png,frames/arale-norimaki-frame-144.png
dio,"DIO",false,201,side-by-side-body-sized-components,0.981,0,1.658,public/characters/dio/frames/frame-201.png,frames/dio-frame-201.png
dio,"DIO",false,202,stacked-body-sized-components,0.792,1.021,0.429,public/characters/dio/frames/frame-202.png,frames/dio-frame-202.png
dio,"DIO",false,203,stacked-body-sized-components,0.798,1.021,0.125,public/characters/dio/frames/frame-203.png,frames/dio-frame-203.png
dio,"DIO",false,204,stacked-body-sized-components,0.971,1.017,0.5,public/characters/dio/frames/frame-204.png,frames/dio-frame-204.png
don-patch-poppa-rocks,"Don Patch _ Poppa Rocks",false,152,stacked-body-sized-components,0.54,0.611,0.304,public/characters/don-patch-poppa-rocks/frames/frame-152.png,frames/don-patch-poppa-rocks-frame-152.png
don-patch-poppa-rocks,"Don Patch _ Poppa Rocks",false,164,stacked-body-sized-components,0.675,1.255,0.079,public/characters/don-patch-poppa-rocks/frames/frame-164.png,frames/don-patch-poppa-rocks-frame-164.png
don-patch-poppa-rocks,"Don Patch _ Poppa Rocks",false,165,stacked-body-sized-components,0.808,1.344,0.048,public/characters/don-patch-poppa-rocks/frames/frame-165.png,frames/don-patch-poppa-rocks-frame-165.png
don-patch-poppa-rocks,"Don Patch _ Poppa Rocks",false,166,stacked-body-sized-components,0.75,1.344,0.048,public/characters/don-patch-poppa-rocks/frames/frame-166.png,frames/don-patch-poppa-rocks-frame-166.png
don-patch-poppa-rocks,"Don Patch _ Poppa Rocks",false,167,stacked-body-sized-components,0.767,1.3,0,public/characters/don-patch-poppa-rocks/frames/frame-167.png,frames/don-patch-poppa-rocks-frame-167.png
don-patch-poppa-rocks,"Don Patch _ Poppa Rocks",false,168,stacked-body-sized-components,0.684,1.322,0.016,public/characters/don-patch-poppa-rocks/frames/frame-168.png,frames/don-patch-poppa-rocks-frame-168.png
don-patch-poppa-rocks,"Don Patch _ Poppa Rocks",false,196,stacked-body-sized-components,1,1.067,1.618,public/characters/don-patch-poppa-rocks/frames/frame-196.png,frames/don-patch-poppa-rocks-frame-196.png
don-patch-poppa-rocks,"Don Patch _ Poppa Rocks",false,363,stacked-body-sized-components,0.548,0.593,0.304,public/characters/don-patch-poppa-rocks/frames/frame-363.png,frames/don-patch-poppa-rocks-frame-363.png
franky,"Franky",false,100,many-major-components,0.21,0.375,0.238,public/characters/franky/frames/frame-100.png,frames/franky-frame-100.png
franky,"Franky",false,188,many-major-components,0.21,0.375,0.238,public/characters/franky/frames/frame-188.png,frames/franky-frame-188.png
franky,"Franky",false,195,side-by-side-body-sized-components,0.804,0.189,0.879,public/characters/franky/frames/frame-195.png,frames/franky-frame-195.png
fuusuke,"Fuusuke",false,96,stacked-body-sized-components,0.319,0.767,0.392,public/characters/fuusuke/frames/frame-096.png,frames/fuusuke-frame-096.png
fuusuke,"Fuusuke",false,112,side-by-side-body-sized-components,0.766,0.027,1.583,public/characters/fuusuke/frames/frame-112.png,frames/fuusuke-frame-112.png
fuusuke,"Fuusuke",false,167,stacked-body-sized-components,0.975,0.58,0.906,public/characters/fuusuke/frames/frame-167.png,frames/fuusuke-frame-167.png
fuusuke,"Fuusuke",false,185,stacked-body-sized-components,0.959,0.583,0.167,public/characters/fuusuke/frames/frame-185.png,frames/fuusuke-frame-185.png
fuusuke,"Fuusuke",false,189,many-major-components,0.384,0.387,0.167,public/characters/fuusuke/frames/frame-189.png,frames/fuusuke-frame-189.png
fuusuke,"Fuusuke",false,194,side-by-side-body-sized-components,0.766,0.027,1.583,public/characters/fuusuke/frames/frame-194.png,frames/fuusuke-frame-194.png
gohan-super-saiyan-2,"Gohan (Super Saiyan 2)",false,139,stacked-body-sized-components,0.777,0.617,0.48,public/characters/gohan-super-saiyan-2/frames/frame-139.png,frames/gohan-super-saiyan-2-frame-139.png
gohan-super-saiyan,"Gohan (Super Saiyan)",false,133,stacked-body-sized-components,0.871,0.567,0.7,public/characters/gohan-super-saiyan/frames/frame-133.png,frames/gohan-super-saiyan-frame-133.png
goku,"Goku",false,160,stacked-body-sized-components,0.572,0.672,0.529,public/characters/goku/frames/frame-160.png,frames/goku-frame-160.png
goku-super-saiyan,"Goku (Super Saiyan)",false,156,stacked-body-sized-components,0.548,0.638,0.368,public/characters/goku-super-saiyan/frames/frame-156.png,frames/goku-super-saiyan-frame-156.png
goku-super-saiyan,"Goku (Super Saiyan)",false,158,stacked-body-sized-components,0.948,1.121,0.011,public/characters/goku-super-saiyan/frames/frame-158.png,frames/goku-super-saiyan-frame-158.png
goku-super-saiyan,"Goku (Super Saiyan)",false,159,stacked-body-sized-components,0.973,1.175,0.011,public/characters/goku-super-saiyan/frames/frame-159.png,frames/goku-super-saiyan-frame-159.png
goku-super-saiyan,"Goku (Super Saiyan)",false,160,stacked-body-sized-components,0.916,1.158,0.023,public/characters/goku-super-saiyan/frames/frame-160.png,frames/goku-super-saiyan-frame-160.png
goku-super-saiyan,"Goku (Super Saiyan)",false,161,stacked-body-sized-components,0.977,1.123,0.023,public/characters/goku-super-saiyan/frames/frame-161.png,frames/goku-super-saiyan-frame-161.png
goku-super-saiyan,"Goku (Super Saiyan)",false,162,stacked-body-sized-components,0.958,1.153,0.012,public/characters/goku-super-saiyan/frames/frame-162.png,frames/goku-super-saiyan-frame-162.png
goku-super-saiyan,"Goku (Super Saiyan)",false,163,stacked-body-sized-components,0.873,1.207,0.113,public/characters/goku-super-saiyan/frames/frame-163.png,frames/goku-super-saiyan-frame-163.png
goku-super-saiyan,"Goku (Super Saiyan)",false,164,stacked-body-sized-components,0.773,1.324,0.17,public/characters/goku-super-saiyan/frames/frame-164.png,frames/goku-super-saiyan-frame-164.png
goku-super-saiyan,"Goku (Super Saiyan)",false,165,stacked-body-sized-components,0.774,0.935,0.175,public/characters/goku-super-saiyan/frames/frame-165.png,frames/goku-super-saiyan-frame-165.png
goku-super-saiyan,"Goku (Super Saiyan)",false,166,stacked-body-sized-components,0.801,1.559,0,public/characters/goku-super-saiyan/frames/frame-166.png,frames/goku-super-saiyan-frame-166.png
goku-super-saiyan,"Goku (Super Saiyan)",false,167,stacked-body-sized-components,0.881,1.559,0.102,public/characters/goku-super-saiyan/frames/frame-167.png,frames/goku-super-saiyan-frame-167.png
goku-super-saiyan,"Goku (Super Saiyan)",false,182,stacked-body-sized-components,0.928,0.993,0.325,public/characters/goku-super-saiyan/frames/frame-182.png,frames/goku-super-saiyan-frame-182.png
gon-freecss,"Gon Freecss",false,153,stacked-body-sized-components,0.608,0.567,0.806,public/characters/gon-freecss/frames/frame-153.png,frames/gon-freecss-frame-153.png
gotenks,"Gotenks",false,158,stacked-body-sized-components,0.536,0.6,0.75,public/characters/gotenks/frames/frame-158.png,frames/gotenks-frame-158.png
gotenks-super-saiyan,"Gotenks (Super Saiyan)",false,158,stacked-body-sized-components,0.543,0.6,0.75,public/characters/gotenks-super-saiyan/frames/frame-158.png,frames/gotenks-super-saiyan-frame-158.png
heihachi-edajima,"Heihachi Edajima",false,177,stacked-body-sized-components,0.628,1.029,0.052,public/characters/heihachi-edajima/frames/frame-177.png,frames/heihachi-edajima-frame-177.png
heihachi-edajima,"Heihachi Edajima",false,178,stacked-body-sized-components,0.867,1.021,0,public/characters/heihachi-edajima/frames/frame-178.png,frames/heihachi-edajima-frame-178.png
heihachi-edajima,"Heihachi Edajima",false,179,stacked-body-sized-components,0.365,1,0.179,public/characters/heihachi-edajima/frames/frame-179.png,frames/heihachi-edajima-frame-179.png
heihachi-edajima,"Heihachi Edajima",false,181,stacked-body-sized-components,0.796,1.192,0.043,public/characters/heihachi-edajima/frames/frame-181.png,frames/heihachi-edajima-frame-181.png
heihachi-edajima,"Heihachi Edajima",false,182,stacked-body-sized-components,0.964,1.447,0.05,public/characters/heihachi-edajima/frames/frame-182.png,frames/heihachi-edajima-frame-182.png
heihachi-edajima,"Heihachi Edajima",false,183,stacked-body-sized-components,0.873,1.526,0.019,public/characters/heihachi-edajima/frames/frame-183.png,frames/heihachi-edajima-frame-183.png
heihachi-edajima,"Heihachi Edajima",false,184,stacked-body-sized-components,0.98,1.414,0.032,public/characters/heihachi-edajima/frames/frame-184.png,frames/heihachi-edajima-frame-184.png
hiei,"Hiei",false,140,stacked-body-sized-components,0.66,0.62,0.729,public/characters/hiei/frames/frame-140.png,frames/hiei-frame-140.png
ichigo-kurosaki,"Ichigo Kurosaki",false,164,side-by-side-body-sized-components,0.673,0.213,1.097,public/characters/ichigo-kurosaki/frames/frame-164.png,frames/ichigo-kurosaki-frame-164.png
ichigo-kurosaki,"Ichigo Kurosaki",false,181,stacked-body-sized-components,0.767,1.902,0.378,public/characters/ichigo-kurosaki/frames/frame-181.png,frames/ichigo-kurosaki-frame-181.png
ichigo-kurosaki,"Ichigo Kurosaki",false,182,stacked-body-sized-components,0.938,2.094,0.125,public/characters/ichigo-kurosaki/frames/frame-182.png,frames/ichigo-kurosaki-frame-182.png
ichigo-kurosaki,"Ichigo Kurosaki",false,183,stacked-body-sized-components,0.977,1.229,0.233,public/characters/ichigo-kurosaki/frames/frame-183.png,frames/ichigo-kurosaki-frame-183.png
ichigo-kurosaki,"Ichigo Kurosaki",false,201,stacked-body-sized-components,0.962,2.17,0.243,public/characters/ichigo-kurosaki/frames/frame-201.png,frames/ichigo-kurosaki-frame-201.png
ichigo-kurosaki,"Ichigo Kurosaki",false,221,stacked-body-sized-components,0.954,0.945,0.173,public/characters/ichigo-kurosaki/frames/frame-221.png,frames/ichigo-kurosaki-frame-221.png
ichigo-kurosaki,"Ichigo Kurosaki",false,381,stacked-body-sized-components,0.958,1.274,0.287,public/characters/ichigo-kurosaki/frames/frame-381.png,frames/ichigo-kurosaki-frame-381.png
ichigo-kurosaki,"Ichigo Kurosaki",false,382,stacked-body-sized-components,0.707,1.144,0.545,public/characters/ichigo-kurosaki/frames/frame-382.png,frames/ichigo-kurosaki-frame-382.png
ichigo-kurosaki,"Ichigo Kurosaki",false,383,stacked-body-sized-components,0.947,1.009,2.363,public/characters/ichigo-kurosaki/frames/frame-383.png,frames/ichigo-kurosaki-frame-383.png
ichigo-kurosaki,"Ichigo Kurosaki",false,384,stacked-body-sized-components,0.673,1.352,0.164,public/characters/ichigo-kurosaki/frames/frame-384.png,frames/ichigo-kurosaki-frame-384.png
jaguar-junichi,"Jaguar Junichi",false,172,stacked-body-sized-components,0.784,1.079,0.783,public/characters/jaguar-junichi/frames/frame-172.png,frames/jaguar-junichi-frame-172.png
jaguar-junichi,"Jaguar Junichi",false,193,stacked-body-sized-components,0.856,1.121,0.034,public/characters/jaguar-junichi/frames/frame-193.png,frames/jaguar-junichi-frame-193.png
jotaro-kujo,"Jotaro Kujo",false,167,side-by-side-body-sized-components,0.962,0,1.043,public/characters/jotaro-kujo/frames/frame-167.png,frames/jotaro-kujo-frame-167.png
jotaro-kujo,"Jotaro Kujo",false,175,side-by-side-body-sized-components,0.962,0,1.043,public/characters/jotaro-kujo/frames/frame-175.png,frames/jotaro-kujo-frame-175.png
kagura,"Kagura",false,166,side-by-side-body-sized-components,0.722,0.256,0.74,public/characters/kagura/frames/frame-166.png,frames/kagura-frame-166.png
kagura,"Kagura",false,167,side-by-side-body-sized-components,0.573,0.271,1.014,public/characters/kagura/frames/frame-167.png,frames/kagura-frame-167.png
kazuki-muto,"Kazuki Muto",false,271,side-by-side-body-sized-components,0.939,0.245,1.081,public/characters/kazuki-muto/frames/frame-271.png,frames/kazuki-muto-frame-271.png
kazuki-muto,"Kazuki Muto",false,288,side-by-side-body-sized-components,0.978,0.011,2.453,public/characters/kazuki-muto/frames/frame-288.png,frames/kazuki-muto-frame-288.png
kazuki-muto,"Kazuki Muto",false,289,side-by-side-body-sized-components,0.92,0.011,1.024,public/characters/kazuki-muto/frames/frame-289.png,frames/kazuki-muto-frame-289.png
kenshin-himura,"Kenshin Himura",false,338,side-by-side-body-sized-components,0.932,0.041,0.936,public/characters/kenshin-himura/frames/frame-338.png,frames/kenshin-himura-frame-338.png
kenshin-himura,"Kenshin Himura",false,428,side-by-side-body-sized-components,0.972,0.022,0.986,public/characters/kenshin-himura/frames/frame-428.png,frames/kenshin-himura-frame-428.png
kenshin-himura,"Kenshin Himura",false,429,stacked-body-sized-components,0.794,1.345,0.029,public/characters/kenshin-himura/frames/frame-429.png,frames/kenshin-himura-frame-429.png
kenshin-himura,"Kenshin Himura",false,430,stacked-body-sized-components,0.938,1.628,0.2,public/characters/kenshin-himura/frames/frame-430.png,frames/kenshin-himura-frame-430.png
kenshin-himura,"Kenshin Himura",false,431,stacked-body-sized-components,0.883,1.536,0.136,public/characters/kenshin-himura/frames/frame-431.png,frames/kenshin-himura-frame-431.png
kenshin-himura,"Kenshin Himura",false,432,stacked-body-sized-components,0.83,0.903,0.136,public/characters/kenshin-himura/frames/frame-432.png,frames/kenshin-himura-frame-432.png
kenshin-himura,"Kenshin Himura",false,434,stacked-body-sized-components,0.787,1.531,0.09,public/characters/kenshin-himura/frames/frame-434.png,frames/kenshin-himura-frame-434.png
kenshin-himura,"Kenshin Himura",false,435,stacked-body-sized-components,0.91,1.519,0.167,public/characters/kenshin-himura/frames/frame-435.png,frames/kenshin-himura-frame-435.png
kenshin-himura,"Kenshin Himura",false,436,stacked-body-sized-components,0.941,1.462,0.071,public/characters/kenshin-himura/frames/frame-436.png,frames/kenshin-himura-frame-436.png
kenshin-himura,"Kenshin Himura",false,457,side-by-side-body-sized-components,0.972,0.022,0.986,public/characters/kenshin-himura/frames/frame-457.png,frames/kenshin-himura-frame-457.png
kenshin-himura,"Kenshin Himura",false,458,stacked-body-sized-components,0.794,1.345,0.029,public/characters/kenshin-himura/frames/frame-458.png,frames/kenshin-himura-frame-458.png
kenshin-himura,"Kenshin Himura",false,459,stacked-body-sized-components,0.938,1.628,0.2,public/characters/kenshin-himura/frames/frame-459.png,frames/kenshin-himura-frame-459.png
kenshin-himura,"Kenshin Himura",false,460,stacked-body-sized-components,0.883,1.536,0.136,public/characters/kenshin-himura/frames/frame-460.png,frames/kenshin-himura-frame-460.png
kenshin-himura,"Kenshin Himura",false,461,stacked-body-sized-components,0.83,0.903,0.136,public/characters/kenshin-himura/frames/frame-461.png,frames/kenshin-himura-frame-461.png
kenshin-himura,"Kenshin Himura",false,463,stacked-body-sized-components,0.787,1.531,0.09,public/characters/kenshin-himura/frames/frame-463.png,frames/kenshin-himura-frame-463.png
kenshin-himura,"Kenshin Himura",false,464,stacked-body-sized-components,0.91,1.519,0.167,public/characters/kenshin-himura/frames/frame-464.png,frames/kenshin-himura-frame-464.png
kenshin-himura,"Kenshin Himura",false,465,stacked-body-sized-components,0.941,1.462,0.071,public/characters/kenshin-himura/frames/frame-465.png,frames/kenshin-himura-frame-465.png
kenshiro,"Kenshiro",false,108,many-major-components,0.294,0.184,0.949,public/characters/kenshiro/frames/frame-108.png,frames/kenshiro-frame-108.png
kenshiro,"Kenshiro",false,109,side-by-side-body-sized-components,0.344,0.439,0.773,public/characters/kenshiro/frames/frame-109.png,frames/kenshiro-frame-109.png
kenshiro,"Kenshiro",false,111,many-major-components,0.257,0.035,1.102,public/characters/kenshiro/frames/frame-111.png,frames/kenshiro-frame-111.png
kenshiro,"Kenshiro",false,172,many-major-components,0.294,0.184,0.949,public/characters/kenshiro/frames/frame-172.png,frames/kenshiro-frame-172.png
kenshiro,"Kenshiro",false,173,side-by-side-body-sized-components,0.344,0.439,0.773,public/characters/kenshiro/frames/frame-173.png,frames/kenshiro-frame-173.png
kenshiro,"Kenshiro",false,175,many-major-components,0.257,0.035,1.102,public/characters/kenshiro/frames/frame-175.png,frames/kenshiro-frame-175.png
kenshiro,"Kenshiro",false,192,stacked-body-sized-components,0.89,1.07,0.075,public/characters/kenshiro/frames/frame-192.png,frames/kenshiro-frame-192.png
kenshiro,"Kenshiro",false,193,stacked-body-sized-components,0.935,1.113,0.035,public/characters/kenshiro/frames/frame-193.png,frames/kenshiro-frame-193.png
kenshiro,"Kenshiro",false,194,stacked-body-sized-components,0.891,1.148,0.049,public/characters/kenshiro/frames/frame-194.png,frames/kenshiro-frame-194.png
kenshiro,"Kenshiro",false,195,stacked-body-sized-components,0.892,1.137,0.019,public/characters/kenshiro/frames/frame-195.png,frames/kenshiro-frame-195.png
killua-zoldyck,"Killua Zoldyck",false,184,stacked-body-sized-components,0.732,0.909,0.806,public/characters/killua-zoldyck/frames/frame-184.png,frames/killua-zoldyck-frame-184.png
kurama,"Kurama",false,160,stacked-body-sized-components,0.707,0.95,0.795,public/characters/kurama/frames/frame-160.png,frames/kurama-frame-160.png
lenalee-lee,"Lenalee Lee",false,195,stacked-body-sized-components,0.888,1.287,0.014,public/characters/lenalee-lee/frames/frame-195.png,frames/lenalee-lee-frame-195.png
lenalee-lee,"Lenalee Lee",false,196,stacked-body-sized-components,0.957,1.239,0.086,public/characters/lenalee-lee/frames/frame-196.png,frames/lenalee-lee-frame-196.png
lenalee-lee,"Lenalee Lee",false,197,stacked-body-sized-components,0.815,0.887,0.229,public/characters/lenalee-lee/frames/frame-197.png,frames/lenalee-lee-frame-197.png
lenalee-lee,"Lenalee Lee",false,198,stacked-body-sized-components,0.665,0.855,0.214,public/characters/lenalee-lee/frames/frame-198.png,frames/lenalee-lee-frame-198.png
lenalee-lee,"Lenalee Lee",false,199,stacked-body-sized-components,0.952,1.705,0.257,public/characters/lenalee-lee/frames/frame-199.png,frames/lenalee-lee-frame-199.png
lenalee-lee,"Lenalee Lee",false,200,stacked-body-sized-components,0.977,2.694,0.017,public/characters/lenalee-lee/frames/frame-200.png,frames/lenalee-lee-frame-200.png
lenalee-lee,"Lenalee Lee",false,201,stacked-body-sized-components,0.988,2.357,0.066,public/characters/lenalee-lee/frames/frame-201.png,frames/lenalee-lee-frame-201.png
momotaro-tsurugi,"Momotaro Tsurugi",false,164,stacked-body-sized-components,0.469,0.594,0.902,public/characters/momotaro-tsurugi/frames/frame-164.png,frames/momotaro-tsurugi-frame-164.png
momotaro-tsurugi,"Momotaro Tsurugi",false,165,side-by-side-body-sized-components,0.473,0.185,0.914,public/characters/momotaro-tsurugi/frames/frame-165.png,frames/momotaro-tsurugi-frame-165.png
monkey-d-luffy,"Monkey D. Luffy",false,60,stacked-body-sized-components,0.523,0.71,0.073,public/characters/monkey-d-luffy/frames/frame-060.png,frames/monkey-d-luffy-frame-060.png
monkey-d-luffy,"Monkey D. Luffy",false,108,side-by-side-body-sized-components,0.624,0.266,1.292,public/characters/monkey-d-luffy/frames/frame-108.png,frames/monkey-d-luffy-frame-108.png
monkey-d-luffy,"Monkey D. Luffy",false,109,side-by-side-body-sized-components,0.76,0.04,0.776,public/characters/monkey-d-luffy/frames/frame-109.png,frames/monkey-d-luffy-frame-109.png
monkey-d-luffy,"Monkey D. Luffy",false,113,many-major-components,0.374,0.021,0.662,public/characters/monkey-d-luffy/frames/frame-113.png,frames/monkey-d-luffy-frame-113.png
monkey-d-luffy-2nd-gear,"Monkey D. Luffy (2nd Gear)",false,81,stacked-body-sized-components,0.618,0.575,0.861,public/characters/monkey-d-luffy-2nd-gear/frames/frame-081.png,frames/monkey-d-luffy-2nd-gear-frame-081.png
monkey-d-luffy-2nd-gear,"Monkey D. Luffy (2nd Gear)",false,85,side-by-side-body-sized-components,0.548,0.225,1.326,public/characters/monkey-d-luffy-2nd-gear/frames/frame-085.png,frames/monkey-d-luffy-2nd-gear-frame-085.png
monkey-d-luffy-2nd-gear,"Monkey D. Luffy (2nd Gear)",false,101,side-by-side-body-sized-components,0.767,0.149,1.052,public/characters/monkey-d-luffy-2nd-gear/frames/frame-101.png,frames/monkey-d-luffy-2nd-gear-frame-101.png
monkey-d-luffy-2nd-gear,"Monkey D. Luffy (2nd Gear)",false,102,side-by-side-body-sized-components,0.873,0.132,1.058,public/characters/monkey-d-luffy-2nd-gear/frames/frame-102.png,frames/monkey-d-luffy-2nd-gear-frame-102.png
monkey-d-luffy-2nd-gear,"Monkey D. Luffy (2nd Gear)",false,116,many-major-components,0.9,0.255,0.24,public/characters/monkey-d-luffy-2nd-gear/frames/frame-116.png,frames/monkey-d-luffy-2nd-gear-frame-116.png
monkey-d-luffy-2nd-gear,"Monkey D. Luffy (2nd Gear)",false,117,many-major-components,0.478,0.526,0.112,public/characters/monkey-d-luffy-2nd-gear/frames/frame-117.png,frames/monkey-d-luffy-2nd-gear-frame-117.png
monkey-d-luffy-2nd-gear,"Monkey D. Luffy (2nd Gear)",false,130,many-major-components,0.901,0.538,0.104,public/characters/monkey-d-luffy-2nd-gear/frames/frame-130.png,frames/monkey-d-luffy-2nd-gear-frame-130.png
monkey-d-luffy-2nd-gear,"Monkey D. Luffy (2nd Gear)",false,156,stacked-body-sized-components,0.921,1.375,0.026,public/characters/monkey-d-luffy-2nd-gear/frames/frame-156.png,frames/monkey-d-luffy-2nd-gear-frame-156.png
monkey-d-luffy-2nd-gear,"Monkey D. Luffy (2nd Gear)",false,157,stacked-body-sized-components,0.659,1.04,0.026,public/characters/monkey-d-luffy-2nd-gear/frames/frame-157.png,frames/monkey-d-luffy-2nd-gear-frame-157.png
monkey-d-luffy-2nd-gear,"Monkey D. Luffy (2nd Gear)",false,168,stacked-body-sized-components,0.618,0.575,0.861,public/characters/monkey-d-luffy-2nd-gear/frames/frame-168.png,frames/monkey-d-luffy-2nd-gear-frame-168.png
monkey-d-luffy-2nd-gear,"Monkey D. Luffy (2nd Gear)",false,170,side-by-side-body-sized-components,0.548,0.225,1.326,public/characters/monkey-d-luffy-2nd-gear/frames/frame-170.png,frames/monkey-d-luffy-2nd-gear-frame-170.png
monkey-d-luffy-2nd-gear,"Monkey D. Luffy (2nd Gear)",false,176,stacked-body-sized-components,0.686,0.852,0.667,public/characters/monkey-d-luffy-2nd-gear/frames/frame-176.png,frames/monkey-d-luffy-2nd-gear-frame-176.png
monkey-d-luffy-2nd-gear,"Monkey D. Luffy (2nd Gear)",false,178,stacked-body-sized-components,0.453,3,0.181,public/characters/monkey-d-luffy-2nd-gear/frames/frame-178.png,frames/monkey-d-luffy-2nd-gear-frame-178.png
monkey-d-luffy-2nd-gear,"Monkey D. Luffy (2nd Gear)",false,179,stacked-body-sized-components,0.812,2.944,0.182,public/characters/monkey-d-luffy-2nd-gear/frames/frame-179.png,frames/monkey-d-luffy-2nd-gear-frame-179.png
monkey-d-luffy-2nd-gear,"Monkey D. Luffy (2nd Gear)",false,180,stacked-body-sized-components,0.417,2.71,0.174,public/characters/monkey-d-luffy-2nd-gear/frames/frame-180.png,frames/monkey-d-luffy-2nd-gear-frame-180.png
monkey-d-luffy-2nd-gear,"Monkey D. Luffy (2nd Gear)",false,183,stacked-body-sized-components,0.629,3.761,0.03,public/characters/monkey-d-luffy-2nd-gear/frames/frame-183.png,frames/monkey-d-luffy-2nd-gear-frame-183.png
monkey-d-luffy-2nd-gear,"Monkey D. Luffy (2nd Gear)",false,184,stacked-body-sized-components,0.541,3.659,0.128,public/characters/monkey-d-luffy-2nd-gear/frames/frame-184.png,frames/monkey-d-luffy-2nd-gear-frame-184.png
monkey-d-luffy-2nd-gear,"Monkey D. Luffy (2nd Gear)",false,186,many-major-components,0.467,1.027,0.322,public/characters/monkey-d-luffy-2nd-gear/frames/frame-186.png,frames/monkey-d-luffy-2nd-gear-frame-186.png
monkey-d-luffy-2nd-gear,"Monkey D. Luffy (2nd Gear)",false,187,many-major-components,0.955,0.652,0.333,public/characters/monkey-d-luffy-2nd-gear/frames/frame-187.png,frames/monkey-d-luffy-2nd-gear-frame-187.png
monkey-d-luffy-2nd-gear,"Monkey D. Luffy (2nd Gear)",false,198,stacked-body-sized-components,0.811,0.628,0.19,public/characters/monkey-d-luffy-2nd-gear/frames/frame-198.png,frames/monkey-d-luffy-2nd-gear-frame-198.png
nami,"Nami",false,74,many-major-components,0.267,0.04,0.593,public/characters/nami/frames/frame-074.png,frames/nami-frame-074.png
nami,"Nami",false,75,many-major-components,0.188,0.209,0.698,public/characters/nami/frames/frame-075.png,frames/nami-frame-075.png
nami,"Nami",false,134,many-major-components,0.267,0.04,0.593,public/characters/nami/frames/frame-134.png,frames/nami-frame-134.png
nami,"Nami",false,135,many-major-components,0.188,0.209,0.698,public/characters/nami/frames/frame-135.png,frames/nami-frame-135.png
nami,"Nami",false,141,side-by-side-body-sized-components,0.655,0.115,0.759,public/characters/nami/frames/frame-141.png,frames/nami-frame-141.png
nami,"Nami",false,142,side-by-side-body-sized-components,0.446,0.229,1.056,public/characters/nami/frames/frame-142.png,frames/nami-frame-142.png
nami,"Nami",false,162,stacked-body-sized-components,0.979,1.5,1.389,public/characters/nami/frames/frame-162.png,frames/nami-frame-162.png
nami,"Nami",false,163,stacked-body-sized-components,0.976,1.261,0.189,public/characters/nami/frames/frame-163.png,frames/nami-frame-163.png
nami,"Nami",false,164,stacked-body-sized-components,0.903,1.564,0.089,public/characters/nami/frames/frame-164.png,frames/nami-frame-164.png
nami,"Nami",false,165,stacked-body-sized-components,0.913,1.25,0.178,public/characters/nami/frames/frame-165.png,frames/nami-frame-165.png
nami,"Nami",false,166,stacked-body-sized-components,0.919,1.25,0.178,public/characters/nami/frames/frame-166.png,frames/nami-frame-166.png
nami,"Nami",false,167,stacked-body-sized-components,0.632,0.938,0.178,public/characters/nami/frames/frame-167.png,frames/nami-frame-167.png
nami,"Nami",false,168,stacked-body-sized-components,0.728,0.938,0.222,public/characters/nami/frames/frame-168.png,frames/nami-frame-168.png
nami,"Nami",false,169,stacked-body-sized-components,0.966,1.289,0.222,public/characters/nami/frames/frame-169.png,frames/nami-frame-169.png
nami,"Nami",false,170,stacked-body-sized-components,0.938,1.213,0.211,public/characters/nami/frames/frame-170.png,frames/nami-frame-170.png
nami-perfect-clima-tact,"Nami (Perfect Clima-Tact)",false,151,side-by-side-body-sized-components,0.658,0.106,0.759,public/characters/nami-perfect-clima-tact/frames/frame-151.png,frames/nami-perfect-clima-tact-frame-151.png
nami-perfect-clima-tact,"Nami (Perfect Clima-Tact)",false,152,side-by-side-body-sized-components,0.49,0.229,1.056,public/characters/nami-perfect-clima-tact/frames/frame-152.png,frames/nami-perfect-clima-tact-frame-152.png
kiro,"Naruto",false,159,side-by-side-body-sized-components,0.649,0.545,0.906,public/characters/kiro/frames/frame-159.png,frames/kiro-frame-159.png
kiro,"Naruto",false,176,stacked-body-sized-components,0.884,1.202,0.042,public/characters/kiro/frames/frame-176.png,frames/kiro-frame-176.png
kiro,"Naruto",false,219,stacked-body-sized-components,0.911,1.23,0.163,public/characters/kiro/frames/frame-219.png,frames/kiro-frame-219.png
kiro,"Naruto",false,220,stacked-body-sized-components,0.92,1.154,0.25,public/characters/kiro/frames/frame-220.png,frames/kiro-frame-220.png
naruto-uzumaki-nine-tails-kyubi,"Naruto Uzumaki (Nine-Tails_Kyubi)",false,158,side-by-side-body-sized-components,0.908,0.019,1.069,public/characters/naruto-uzumaki-nine-tails-kyubi/frames/frame-158.png,frames/naruto-uzumaki-nine-tails-kyubi-frame-158.png
neuro-nogami,"Neuro Nogami",false,178,many-major-components,0.544,0.517,0.654,public/characters/neuro-nogami/frames/frame-178.png,frames/neuro-nogami-frame-178.png
neuro-nogami,"Neuro Nogami",false,188,side-by-side-body-sized-components,0.831,0.032,0.976,public/characters/neuro-nogami/frames/frame-188.png,frames/neuro-nogami-frame-188.png
neuro-nogami,"Neuro Nogami",false,207,side-by-side-body-sized-components,0.831,0.032,0.976,public/characters/neuro-nogami/frames/frame-207.png,frames/neuro-nogami-frame-207.png
nico-robin,"Nico Robin",false,187,stacked-body-sized-components,0.853,0.727,0.824,public/characters/nico-robin/frames/frame-187.png,frames/nico-robin-frame-187.png
nico-robin,"Nico Robin",false,208,stacked-body-sized-components,0.66,0.909,0.059,public/characters/nico-robin/frames/frame-208.png,frames/nico-robin-frame-208.png
nico-robin,"Nico Robin",false,218,stacked-body-sized-components,0.66,0.909,0.059,public/characters/nico-robin/frames/frame-218.png,frames/nico-robin-frame-218.png
nico-robin,"Nico Robin",false,226,side-by-side-body-sized-components,0.912,0.019,1.063,public/characters/nico-robin/frames/frame-226.png,frames/nico-robin-frame-226.png
nico-robin,"Nico Robin",false,227,side-by-side-body-sized-components,0.991,0,1.081,public/characters/nico-robin/frames/frame-227.png,frames/nico-robin-frame-227.png
nico-robin,"Nico Robin",false,238,stacked-body-sized-components,0.66,0.909,0.059,public/characters/nico-robin/frames/frame-238.png,frames/nico-robin-frame-238.png
pegasus-seiya,"Pegasus Seiya",false,149,stacked-body-sized-components,0.762,1.147,0.75,public/characters/pegasus-seiya/frames/frame-149.png,frames/pegasus-seiya-frame-149.png
pegasus-seiya,"Pegasus Seiya",false,359,many-major-components,0.606,0.414,0.6,public/characters/pegasus-seiya/frames/frame-359.png,frames/pegasus-seiya-frame-359.png
raoh,"Raoh",false,150,many-major-components,0.253,0.221,0.452,public/characters/raoh/frames/frame-150.png,frames/raoh-frame-150.png
renji-abarai,"Renji Abarai",false,146,side-by-side-body-sized-components,0.36,0.163,1,public/characters/renji-abarai/frames/frame-146.png,frames/renji-abarai-frame-146.png
roronoa-zoro,"Roronoa Zoro",false,148,many-major-components,0.23,0.295,0.461,public/characters/roronoa-zoro/frames/frame-148.png,frames/roronoa-zoro-frame-148.png
roronoa-zoro,"Roronoa Zoro",false,149,side-by-side-body-sized-components,0.519,0.042,1.103,public/characters/roronoa-zoro/frames/frame-149.png,frames/roronoa-zoro-frame-149.png
rukia-kuchiki,"Rukia Kuchiki",false,13,stacked-body-sized-components,0.932,1.167,0.275,public/characters/rukia-kuchiki/frames/frame-013.png,frames/rukia-kuchiki-frame-013.png
rukia-kuchiki,"Rukia Kuchiki",false,149,stacked-body-sized-components,0.707,0.614,0.825,public/characters/rukia-kuchiki/frames/frame-149.png,frames/rukia-kuchiki-frame-149.png
rukia-kuchiki,"Rukia Kuchiki",false,194,stacked-body-sized-components,0.85,1.375,0.155,public/characters/rukia-kuchiki/frames/frame-194.png,frames/rukia-kuchiki-frame-194.png
ryotsu-kankichi,"Ryotsu Kankichi",false,130,stacked-body-sized-components,0.974,1.38,0.146,public/characters/ryotsu-kankichi/frames/frame-130.png,frames/ryotsu-kankichi-frame-130.png
ryotsu-kankichi,"Ryotsu Kankichi",false,132,side-by-side-body-sized-components,0.977,0.015,1.158,public/characters/ryotsu-kankichi/frames/frame-132.png,frames/ryotsu-kankichi-frame-132.png
sakura-haruno,"Sakura Haruno",false,165,many-major-components,0.685,0.516,0.906,public/characters/sakura-haruno/frames/frame-165.png,frames/sakura-haruno-frame-165.png
sakura-haruno,"Sakura Haruno",false,167,stacked-body-sized-components,0.973,1.125,0.02,public/characters/sakura-haruno/frames/frame-167.png,frames/sakura-haruno-frame-167.png
sakura-haruno,"Sakura Haruno",false,168,stacked-body-sized-components,0.91,1.104,0,public/characters/sakura-haruno/frames/frame-168.png,frames/sakura-haruno-frame-168.png
sakura-haruno,"Sakura Haruno",false,169,stacked-body-sized-components,0.879,1.174,0.032,public/characters/sakura-haruno/frames/frame-169.png,frames/sakura-haruno-frame-169.png
sakura-haruno,"Sakura Haruno",false,170,stacked-body-sized-components,0.908,1.16,0.015,public/characters/sakura-haruno/frames/frame-170.png,frames/sakura-haruno-frame-170.png
sakura-haruno,"Sakura Haruno",false,171,stacked-body-sized-components,0.959,1.211,0.033,public/characters/sakura-haruno/frames/frame-171.png,frames/sakura-haruno-frame-171.png
sakura-haruno,"Sakura Haruno",false,172,stacked-body-sized-components,0.943,1.14,0.044,public/characters/sakura-haruno/frames/frame-172.png,frames/sakura-haruno-frame-172.png
sakura-haruno,"Sakura Haruno",false,173,stacked-body-sized-components,0.809,1.012,0.044,public/characters/sakura-haruno/frames/frame-173.png,frames/sakura-haruno-frame-173.png
sakura-haruno,"Sakura Haruno",false,174,stacked-body-sized-components,0.951,1,0.074,public/characters/sakura-haruno/frames/frame-174.png,frames/sakura-haruno-frame-174.png
sakura-haruno,"Sakura Haruno",false,175,stacked-body-sized-components,0.825,0.977,0.23,public/characters/sakura-haruno/frames/frame-175.png,frames/sakura-haruno-frame-175.png
sakura-haruno,"Sakura Haruno",false,176,stacked-body-sized-components,0.956,1.216,0.176,public/characters/sakura-haruno/frames/frame-176.png,frames/sakura-haruno-frame-176.png
sakura-haruno,"Sakura Haruno",false,196,side-by-side-body-sized-components,0.991,0.01,1.432,public/characters/sakura-haruno/frames/frame-196.png,frames/sakura-haruno-frame-196.png
sanji-vinsmoke,"Sanji Vinsmoke",false,32,side-by-side-body-sized-components,0.387,0.143,1.179,public/characters/sanji-vinsmoke/frames/frame-032.png,frames/sanji-vinsmoke-frame-032.png
sanji-vinsmoke,"Sanji Vinsmoke",false,116,side-by-side-body-sized-components,0.408,0.121,0.944,public/characters/sanji-vinsmoke/frames/frame-116.png,frames/sanji-vinsmoke-frame-116.png
sanji-vinsmoke,"Sanji Vinsmoke",false,169,side-by-side-body-sized-components,0.908,0.446,0.735,public/characters/sanji-vinsmoke/frames/frame-169.png,frames/sanji-vinsmoke-frame-169.png
sanji-vinsmoke,"Sanji Vinsmoke",false,203,side-by-side-body-sized-components,0.387,0.143,1.179,public/characters/sanji-vinsmoke/frames/frame-203.png,frames/sanji-vinsmoke-frame-203.png
sanji-vinsmoke,"Sanji Vinsmoke",false,287,side-by-side-body-sized-components,0.41,0.121,0.944,public/characters/sanji-vinsmoke/frames/frame-287.png,frames/sanji-vinsmoke-frame-287.png
sanji-vinsmoke,"Sanji Vinsmoke",false,340,side-by-side-body-sized-components,0.994,0.446,0.765,public/characters/sanji-vinsmoke/frames/frame-340.png,frames/sanji-vinsmoke-frame-340.png
riven,"Sasuke",false,172,stacked-body-sized-components,0.53,0.56,0.76,public/characters/riven/frames/frame-172.png,frames/riven-frame-172.png
riven,"Sasuke",false,199,stacked-body-sized-components,0.912,1.226,0.03,public/characters/riven/frames/frame-199.png,frames/riven-frame-199.png
taikoubou,"Taikoubou",false,142,stacked-body-sized-components,0.536,0.613,0.468,public/characters/taikoubou/frames/frame-142.png,frames/taikoubou-frame-142.png
toshiro-hitsugaya,"Tōshirō Hitsugaya",false,172,many-major-components,0.474,0.419,0.635,public/characters/toshiro-hitsugaya/frames/frame-172.png,frames/toshiro-hitsugaya-frame-172.png
toshiro-hitsugaya,"Tōshirō Hitsugaya",false,173,side-by-side-body-sized-components,0.321,0.094,1,public/characters/toshiro-hitsugaya/frames/frame-173.png,frames/toshiro-hitsugaya-frame-173.png
vegeta,"Vegeta",false,140,stacked-body-sized-components,0.919,1.913,0.763,public/characters/vegeta/frames/frame-140.png,frames/vegeta-frame-140.png
vegeta,"Vegeta",false,141,side-by-side-body-sized-components,0.854,0.02,1.276,public/characters/vegeta/frames/frame-141.png,frames/vegeta-frame-141.png
vegeta,"Vegeta",false,145,side-by-side-body-sized-components,0.97,0.02,1.057,public/characters/vegeta/frames/frame-145.png,frames/vegeta-frame-145.png
vegeta-super-saiyan,"Vegeta (Super Saiyan)",false,141,stacked-body-sized-components,0.804,1.05,0.426,public/characters/vegeta-super-saiyan/frames/frame-141.png,frames/vegeta-super-saiyan-frame-141.png
vegito,"Vegito",false,154,stacked-body-sized-components,0.605,0.672,0.324,public/characters/vegito/frames/frame-154.png,frames/vegito-frame-154.png
yoh-asakura,"Yoh Asakura",false,152,side-by-side-body-sized-components,0.971,0.066,0.78,public/characters/yoh-asakura/frames/frame-152.png,frames/yoh-asakura-frame-152.png
yoh-asakura,"Yoh Asakura",false,153,side-by-side-body-sized-components,0.381,0.135,0.982,public/characters/yoh-asakura/frames/frame-153.png,frames/yoh-asakura-frame-153.png
yoh-asakura-power-sword,"Yoh Asakura (Power Sword)",false,150,side-by-side-body-sized-components,0.873,0.026,0.793,public/characters/yoh-asakura-power-sword/frames/frame-150.png,frames/yoh-asakura-power-sword-frame-150.png
yoh-asakura-power-sword,"Yoh Asakura (Power Sword)",false,151,side-by-side-body-sized-components,0.473,0.087,0.982,public/characters/yoh-asakura-power-sword/frames/frame-151.png,frames/yoh-asakura-power-sword-frame-151.png
yugi-mutou,"Yugi Mutou",false,32,stacked-body-sized-components,0.592,0.66,0.386,public/characters/yugi-mutou/frames/frame-032.png,frames/yugi-mutou-frame-032.png
yugi-mutou,"Yugi Mutou",false,124,stacked-body-sized-components,0.781,0.982,0,public/characters/yugi-mutou/frames/frame-124.png,frames/yugi-mutou-frame-124.png
yugi-mutou,"Yugi Mutou",false,125,stacked-body-sized-components,0.694,0.804,0.092,public/characters/yugi-mutou/frames/frame-125.png,frames/yugi-mutou-frame-125.png
yusuke-urameshi,"Yusuke Urameshi",false,149,side-by-side-body-sized-components,0.539,0.538,0.712,public/characters/yusuke-urameshi/frames/frame-149.png,frames/yusuke-urameshi-frame-149.png
cygnus-hyoga,"Cygnus Hyōga",true,33,stacked-body-sized-components,1,1.136,0,public/characters/cygnus-hyoga/frames/frame-033.png,frames/cygnus-hyoga-frame-033.png
dragon-shiryu,"Dragon Shiryū",true,19,side-by-side-body-sized-components,1,0,1.152,public/characters/dragon-shiryu/frames/frame-019.png,frames/dragon-shiryu-frame-019.png
near,"Near",true,29,stacked-body-sized-components,1,1.091,0,public/characters/near/frames/frame-029.png,frames/near-frame-029.png
seto-kaiba,"Seto Kaiba",true,3,side-by-side-body-sized-components,0.997,0,1.1,public/characters/seto-kaiba/frames/frame-003.png,frames/seto-kaiba-frame-003.png
sven-vollfied,"Sven Vollfied",true,23,stacked-body-sized-components,0.451,0.794,0.106,public/characters/sven-vollfied/frames/frame-023.png,frames/sven-vollfied-frame-023.png
sven-vollfied,"Sven Vollfied",true,27,stacked-body-sized-components,0.714,1.833,0.455,public/characters/sven-vollfied/frames/frame-027.png,frames/sven-vollfied-frame-027.png
sven-vollfied,"Sven Vollfied",true,28,stacked-body-sized-components,0.683,1.833,0.133,public/characters/sven-vollfied/frames/frame-028.png,frames/sven-vollfied-frame-028.png
sven-vollfied,"Sven Vollfied",true,29,stacked-body-sized-components,0.912,1.833,0.833,public/characters/sven-vollfied/frames/frame-029.png,frames/sven-vollfied-frame-029.png
sven-vollfied,"Sven Vollfied",true,32,stacked-body-sized-components,0.977,1.136,0,public/characters/sven-vollfied/frames/frame-032.png,frames/sven-vollfied-frame-032.png
yasutora-sado,"Yasutora Sado",true,23,stacked-body-sized-components,1,1.136,0,public/characters/yasutora-sado/frames/frame-023.png,frames/yasutora-sado-frame-023.png