character,animation,frames,silhouette_width_min,silhouette_width_max,height_min,height_max,recorded_center_abs_max
yasutora-sado,chargeKi,5,0.36001,7.94829,0.7278399999999999,5.5287299999999995,0.1899135
yasutora-sado,jump,5,0.36001,7.94829,0.7278399999999999,5.5287299999999995,0.1899135
yasutora-sado,kickright,5,0.36001,7.94829,0.7278399999999999,5.5287299999999995,0.1899135
yasutora-sado,sprint,5,0.36001,7.94829,0.7278399999999999,5.5287299999999995,0.1899135
seto-kaiba,backflip,8,0.38419,7.94712,0.7683500000000001,2.20916,0.3975
seto-kaiba,jump,8,0.38419,7.94712,0.7683500000000001,2.20916,0.3975
ryotsu-kankichi,backflip,8,0.92993,7.94712,1.8852300000000002,4.33347,0.86727
jaguar-junichi,sprint,10,0.95198,7.9473,0.42661000000000004,3.69816,0.1248726024
momotaro-tsurugi,sprint,10,0.97574,7.947569999999999,0.21522,5.74602,0.97845
jaguar-junichi,getupStand,7,0.99018,7.9473,0.42661000000000004,3.69816,0.1183009818
jaguar-junichi,knockdown,4,0.99018,7.9473,0.42661000000000004,3.69816,0.0797620896
vegito,sprint,10,0.99654,7.947299999999999,0.65743,3.83523,1.06227
gotenks-super-saiyan,backflip,8,0.9972099999999999,7.947,0.74809,3.147,0.34861635900000004
goku-super-saiyan,sprint,10,1.01044,7.947299999999999,0.66545,3.83523,1.06227
naruto-uzumaki-nine-tails-kyubi,backflip,8,0.9638100000000001,7.485930000000001,0.96033,6.23805,2.028
kiro,getupRollUp,6,0.9271499999999999,7.194609999999999,0.24465000000000003,3.78544,0.7576030945
kiro,getupStand,7,0.9271499999999999,7.194609999999999,0.24465000000000003,3.78544,0.7576030945
lenalee-lee,backflip,8,0.90254,6.24934,1.69229,4.718260000000001,0.255171072
momotaro-tsurugi,getupStand,8,1.1669,7.947569999999999,0.47935999999999995,5.74602,0.97845
momotaro-tsurugi,knockdown,4,1.1669,7.947569999999999,0.47935999999999995,5.74602,0.97845
kiro,knockdown,4,1.06471,7.194609999999999,0.53721,3.78544,0.7576030945
majin-buu,backflip,8,1.21582,7.94688,1.54405,4.51746,0.5942872
ryotsu-kankichi,sprint,10,1.16516,7.50414,0.8348,5.000839999999999,0.4171228426
anna-kyoyama,backflip,8,0.86503,5.54472,1.04305,6.23802,0.27237
kakashi-hatake,backflip,8,0.78599,4.81632,1.88975,4.32639,0.5731799313
fuusuke,crouchBlock,8,1.1357199999999998,6.953049999999999,1.48252,5.01175,0.84931875
monkey-d-luffy,cmd:2+3,13,0.73186,4.377800000000001,0.82852,4.62949,0.28971
nami-perfect-clima-tact,backflip,8,0.657,3.90902,0.8246500000000001,2.81406,0.508375205
yugi-mutou,backflip,8,0.8392299999999999,4.9669,0.73764,2.85058,0.1083568612
gon-freecss,jabright,16,0.8628,5.05345,1.44516,5.59789,0.5293743
yugi-mutou,sprint,10,1.05664,6.15075,0.50625,6.23751,0.4317730856
seto-kaiba,crouchBlock,8,1.3832200000000001,7.94118,1.68315,2.20916,0.66249
seto-kaiba,kickright,8,1.3832200000000001,7.94118,1.68315,2.20916,0.66249
seto-kaiba,sidestepRight,8,1.3832200000000001,7.94118,1.68315,2.20916,0.66249
kazuki-muto,cmd:1+2,6,1.29109,7.352040000000001,1.78317,6.23778,0.6178010841
naruto-uzumaki-nine-tails-kyubi,sprint,10,1.31707,7.43662,0.30324,5.22818,0.2905951328
vegeta,sprint,10,1.23823,6.83816,1.06602,4.20721,1.8601466235
naruto-uzumaki-nine-tails-kyubi,knockdown,12,1.31707,7.23091,0.46629,5.806660000000001,0.35134353389999995
dio,sprint,10,0.5233300000000001,2.834,0.6554099999999999,1.97599,0.1895636085
momotaro-tsurugi,cmd:2+4,8,0.5933200000000001,3.1466499999999997,2.1485800000000004,4.19594,0.2151337132
nami,backflip,8,1.01804,5.26845,0.96813,3.68728,0.685172605
goku,backflip,8,1.54096,7.94715,1.72785,4.394939999999999,1.13571
train-heartnet,getupStand,8,0.92717,4.702069999999999,0.37067,2.43418,0.38794225860000003
train-heartnet,knockdown,4,0.92717,4.702069999999999,0.37067,2.43418,0.251979
train-heartnet,sprint,10,0.92717,4.702069999999999,0.26542,2.43418,0.8426581300000001
kazuki-muto,sprint,10,1.25965,6.34117,0.46287999999999996,4.3022,0.11327224999999999
gotenks,sprint,10,1.076,5.41093,0.46108000000000005,4.34195,0.15795447359999998
nami-perfect-clima-tact,sprint,10,0.53667,2.6875099999999996,0.36715000000000003,1.97939,0.36660694720000003
kenshiro,backflip,8,0.6696599999999999,3.33843,0.52413,3.2787900000000003,0.105346866
franky,backflip,8,1.31114,6.5352,1.9662199999999999,6.23802,1.26285
dragon-shiryu,backflip,8,1.28197,6.22611,1.3085,6.22611,0.1040668538
dragon-shiryu,block,8,1.28197,6.22611,1.3085,6.22611,0.1040668538
dragon-shiryu,jabright,8,1.28197,6.22611,1.3085,6.22611,0.1040668538
dragon-shiryu,jump,8,1.28197,6.22611,1.3085,6.22611,0.1040668538
gotenks,getupStand,9,1.12038,5.41093,0.46108000000000005,2.80853,0.59868432
gotenks,knockdown,4,1.12038,5.41093,0.46108000000000005,2.80853,0.032166875
cygnus-hyoga,chargeKi,7,0.23899,1.14486,0.7276699999999999,6.238740000000001,0.0624
cygnus-hyoga,jump,7,0.23899,1.14486,0.7276699999999999,6.238740000000001,0.0624
cygnus-hyoga,kickright,7,0.23899,1.14486,0.7276699999999999,6.238740000000001,0.0624
cygnus-hyoga,sprint,7,0.23899,1.14486,0.7276699999999999,6.238740000000001,0.0624
nico-robin,sprint,10,0.86491,4.12397,0.50048,4.4776299999999996,0.13590876000000002
kagura,cmd:2+4,9,0.87186,4.15196,1.7337300000000002,3.41582,1.1569448583
gotenks-super-saiyan,sprint,10,0.88629,4.15267,0.37777,3.56414,0.09724372950000001
bobobo-bo-bo-bobo,sprint,10,0.9896400000000001,4.51343,0.75741,3.5951299999999997,0.3252222936
monkey-d-luffy-2nd-gear,backflip,8,0.7689600000000001,3.45139,1.54337,3.0605100000000003,0.4234441498
anna-kyoyama,sprint,10,1.3905699999999999,6.236940000000001,0.56771,6.236940000000001,0.2322288608
sanji-vinsmoke,sprint,10,0.9271400000000001,4.15701,0.27447000000000005,6.23703,0.7205041448
gotenks-super-saiyan,getupStand,9,0.94835,4.15267,0.37777,2.15543,0.44156385
gotenks-super-saiyan,knockdown,4,0.94835,4.15267,0.37777,2.15543,0.025835625
sven-vollfied,kickleft,6,1.2861799999999999,5.61183,2.13078,6.23583,0.584485
sven-vollfied,sidestepRight,6,1.2861799999999999,5.61183,2.13078,6.23583,0.584485
kenshiro,kickleft,8,1.1814500000000001,5.08414,1.26029,4.1444399999999995,0.44220022220000005
jaguar-junichi,cmd:2+3,9,1.0680300000000003,4.59027,1.62868,4.33242,0.441465125
ichigo-kurosaki,backflip,8,0.98716,4.1733,1.17716,3.5106800000000002,0.32689910850000004
frieza,backflip,8,1.33491,5.57403,1.18686,3.85053,0.9124522788
frieza,getupStand,8,1.33491,5.57403,0.87059,3.85053,0.9124522788
kagura,jableft,10,0.89435,3.7191799999999997,1.60283,3.16806,0.92208
naruto-uzumaki-nine-tails-kyubi,hitLight,9,1.8087799999999998,7.4655,0.89543,6.23796,0.286297803
franky,getupStand,8,1.17951,4.82003,0.58956,3.05945,0.2301511644
nico-robin,cmd:1+3,19,0.65038,2.64959,0.87061,2.0791900000000005,0.88159
lenalee-lee,cmd:1+3,9,1.19017,4.84767,1.08458,4.28812,0.1778565882
bobobo-bo-bo-bobo,backflip,8,1.0278800000000001,4.16871,0.44764000000000004,3.59749,0.5426490015
kinnikuman,sprint,10,0.9272400000000001,3.7162499999999996,0.19569,2.38238,0.19418683539999998
lenalee-lee,cmd:1+2,7,1.2160600000000001,4.84767,1.35833,4.28812,0.29899896
gintoki-sakata,getupStand,8,0.9568300000000001,3.7940199999999997,0.42486999999999997,2.05819,0.3914919885
gintoki-sakata,knockdown,4,0.9568300000000001,3.7940199999999997,0.42486999999999997,1.99287,0.19298760250000002
gintoki-sakata,sprint,10,0.9568300000000001,3.7940199999999997,0.42486999999999997,2.9504900000000003,0.34200491939999994
vegeta,getupStand,9,1.3259699999999999,5.19876,1.06602,2.9699,0.9363533112
sanji-vinsmoke,cmd:3+4,12,0.75286,2.86942,1.06673,2.1832000000000003,0.1750552947
yugi-mutou,juggle,2,1.23671,4.679729999999999,0.49017000000000005,3.50931,0.10664959799999998
kagura,cmd:1+2,8,0.89435,3.3496499999999996,1.60283,3.16806,0.92208
nico-robin,cmd:2+3,13,1.0231599999999998,3.81875,1.1694099999999998,3.13414,0.11673792449999999
riven,backflip,3,1.1778899999999999,4.34255,0.81292,3.83145,0.3407263854
near,backflip,8,0.90673,3.33954,1.5185199999999999,4.296140000000001,0.18963763919999996
near,crouch,8,0.90673,3.33954,1.5185199999999999,4.296140000000001,0.18963763919999996
near,jableft,8,0.90673,3.33954,1.5185199999999999,4.296140000000001,0.18963763919999996
sanji-vinsmoke,cmd:1+2,11,0.75286,2.77205,1.06673,2.1832000000000003,0.16911524630000002
franky,knockdown,4,1.17951,4.3407599999999995,0.58956,3.05945,0.19575876320000002
franky,sprint,10,1.17951,4.3407599999999995,0.58956,3.05945,0.28866577950000005
gon-freecss,backflip,8,0.7599899999999999,2.7964199999999995,1.28926,3.31682,0.38526286319999997
near,idle,5,0.92733,3.34022,0.36239000000000005,2.0792400000000004,0.35813794480000005
riven,getupStand,7,0.87261,3.1218899999999996,0.33978,2.19158,0.12586002
kakashi-hatake,cmd:1+4,10,0.8439700000000001,2.9958299999999998,1.34291,2.6901100000000002,0.6932692242
kakashi-hatake,jabright,6,0.8439700000000001,2.9958299999999998,1.34291,2.6901100000000002,0.6932692242
pegasus-seiya,backflip,8,0.92394,3.24564,0.79341,3.4529,0.3715056448
kinnikuman,backflip,8,1.07219,3.76036,1.5394700000000001,4.23912,0.4274725192
jotaro-kujo,backflip,8,0.97775,3.4269399999999997,1.3897300000000001,3.49986,0.33888894010000004
fuusuke,cmd:3+4,6,1.2315900000000002,4.30128,1.32206,3.51887,0.28600686270000003
yusuke-urameshi,backflip,8,0.92502,3.18349,1.3719999999999999,3.45677,0.4731052473
raoh,cmd:2+3,16,0.72305,2.47274,1.5075699999999999,2.1274800000000003,0.18009358560000002
nico-robin,cmd:1+2,9,0.59173,2.0219300000000002,0.80875,2.0792,0.1693865472
naruto-uzumaki-nine-tails-kyubi,juggle,2,2.18086,7.43662,0.96033,5.22818,0.2905951328
nico-robin,crouchBlock,8,0.5954799999999999,2.0219300000000002,0.80875,2.0792,0.1693865472
fuusuke,sprint,10,0.92705,3.12802,0.33888,2.5359100000000003,0.2014911086
kagura,sprint,10,0.95381,3.21442,0.2746,2.59863,0.62037456
nico-robin,cmd:2+4,8,0.6843600000000001,2.30119,1.5339500000000001,1.8842999999999999,0.1089790506
nami,jableft,8,2.1709500000000004,7.29945,1.5709199999999999,6.23733,0.2610796884
yoh-asakura-power-sword,cmd:3+4,9,1.6456,5.5081,2.1758800000000003,6.10627,0.76
killua-zoldyck,jabright,8,0.92391,3.08223,1.39847,2.46657,0.4081
majin-buu,crouchBlock,8,1.38557,4.57179,0.9283699999999999,5.604769999999999,1.2636
hiei,backflip,8,0.94238,3.09757,1.6022599999999998,3.0611,0.3900360945
neuro-nogami,backflip,8,0.6713800000000001,2.20247,0.6696500000000001,1.96283,0.27057430400000004
yoh-asakura,sprint,10,1.37016,4.48004,0.62093,3.1033399999999998,0.3931317028
eve,backflip,8,0.9226300000000001,3.00414,1.4417000000000002,2.0758,0.1530593376
kagura,backflip,8,1.37073,4.41509,1.37073,3.40776,1.1436022872
yusuke-urameshi,sprint,10,0.9581599999999999,3.0564999999999998,0.85143,2.6179799999999998,0.3588569098
franky,cmd:3+4,16,0.72271,2.30434,0.74948,2.26459,0.083054898
yoh-asakura-power-sword,knockdown,4,1.43148,4.5456199999999995,0.5773100000000001,2.52613,0.4513500376000001
yoh-asakura-power-sword,sprint,10,1.43148,4.5456199999999995,0.5773100000000001,4.051029999999999,0.48533472
gohan-super-saiyan,sprint,10,1.0066599999999999,3.17249,0.7207500000000001,4.45107,0.6792352255999999
dio,getupStand,9,0.89941,2.834,0.47473,2.20978,0.1895636085
gon-freecss,cmd:2+4,10,1.4028200000000002,4.41536,1.8456199999999998,3.1812899999999997,0.7504919849000001
pegasus-seiya,getupStand,8,1.0210000000000001,3.2123,0.47385,2.7153500000000004,0.19281452999999998
sakura-haruno,cmd:1+3,7,1.01538,3.17392,1.84433,2.6854400000000003,0.155377245
piccolo,sprint,10,1.0831,3.35561,1.2300900000000001,4.658039999999999,0.7494956755
frieza,sprint,10,0.9462900000000001,2.91151,1.11679,5.545100000000001,0.36140524999999996
vegeta-super-saiyan,sprint,10,0.95117,2.9219999999999997,0.7636700000000001,3.16012,0.6803537661999999
yoh-asakura-power-sword,backflip,8,2.06604,6.33264,1.5493599999999998,6.23808,0.85092
naruto-uzumaki-nine-tails-kyubi,cmd:1+2,9,1.35433,4.14675,0.8322299999999999,3.28514,0.5372
kagura,cmd:1+3,6,1.2163199999999998,3.7191799999999997,1.63358,2.89057,0.37966645639999996
sanji-vinsmoke,cmd:2+4,7,0.41593,1.27148,1.53971,1.9924699999999997,0.29104108800000006
vegeta,chargeKi,4,1.1453,3.49655,2.42371,4.89601,0.19992252000000002
gon-freecss,sprint,10,0.9271199999999999,2.8144299999999998,0.3024899999999999,2.50055,0.11944192
yoh-asakura,getupStand,7,1.4855800000000001,4.48004,0.62093,3.6578700000000004,0.3931317028
yoh-asakura,knockdown,4,1.4855800000000001,4.48004,0.62093,2.5144100000000003,0.3931317028
monkey-d-luffy,cmd:2+4,22,0.81707,2.4565900000000003,0.75193,2.41191,0.545268129
yusuke-urameshi,cmd:2+4,7,0.7946500000000001,2.38428,1.92629,2.69349,0.10598816800000001
taikoubou,sprint,10,0.9481599999999999,2.8421700000000003,0.25018,2.28465,0.083628573
vegeta,cmd:2+4,11,1.15332,3.45153,1.67498,4.2815900000000005,0.48459225
goku,sprint,10,1.45076,4.30488,1.27983,3.3183699999999994,0.41011749999999997
nami,sprint,10,0.87005,2.58102,0.45863,2.54698,0.33566702
kinnikuman,getupStand,7,1.03481,3.0603499999999997,0.56732,1.51592,0.2935435688
kinnikuman,knockdown,4,1.03481,3.0603499999999997,0.56732,1.48031,0.0987482056
franky,cmd:1+2,8,1.27535,3.7469799999999998,1.82701,3.05589,0.3527380689
franky,cmd:1+4,9,1.27535,3.7469799999999998,1.82701,3.05589,0.3527380689
monkey-d-luffy,backflip,8,1.00181,2.93862,1.16858,2.88791,0.39676275
monkey-d-luffy,cmd:1+4,7,0.5559099999999999,1.62607,0.7278,1.80685,0.03389529
rukia-kuchiki,backflip,8,0.9074899999999999,2.64533,0.97249,3.07773,0.28614356399999996
nami,getupStand,8,1.10545,3.21263,0.45863,2.55523,0.2412703566
allen-walker,getupStand,8,1.0392,3.0186,0.57669,2.17261,0.4931029952
monkey-d-luffy,crouchBlock,8,0.96276,2.78151,1.0741200000000002,2.18298,0.7207895940000001
nico-robin,cmd:1+4,11,0.80048,2.2796499999999997,1.5970799999999998,2.1500700000000004,0.1876759375
roronoa-zoro,cmd:2+4,10,1.1485599999999998,3.27009,1.1364999999999998,3.2116800000000003,0.25795010079999997
ichigo-kurosaki,cmd:1+2,12,1.2841200000000002,3.6447599999999998,1.8938199999999998,3.13063,0.9786983312
naruto-uzumaki-nine-tails-kyubi,getupStand,8,1.31707,3.7220600000000004,0.46629,2.83962,0.4353814
kazuki-muto,jabright,9,1.5668700000000002,4.41912,1.65911,3.66134,0.5757091542
yusuke-urameshi,getupStand,8,1.08675,3.0564999999999998,0.6301399999999999,2.2786,0.4715943568
yusuke-urameshi,knockdown,4,1.08675,3.0564999999999998,0.6301399999999999,2.03727,0.179862138
nami,cmd:1+3,8,1.09101,3.05917,1.79756,2.59502,0.14889226109999998
taikoubou,getupStand,9,0.91666,2.5661300000000002,0.40629,2.15205,0.1695340031
near,sidestepRight,6,1.19699,3.33954,1.8924999999999998,4.296140000000001,0.18963763919999996
neuro-nogami,cmd:1+2,19,0.7816099999999999,2.17985,1.02366,2.18867,0.28232353029999996
vegeta,cmd:3+4,4,1.1758000000000002,3.27707,2.3524599999999998,5.63395,0.1537167426
majin-buu,getupStand,8,1.1185100000000001,3.1161399999999997,0.57771,2.49482,0.525570193
majin-buu,knockdown,4,1.1185100000000001,3.1161399999999997,0.57771,1.4207999999999998,0.1367236736
toshiro-hitsugaya,backflip,8,1.3126600000000002,3.62831,2.4013400000000003,3.36207,0.38408749999999997
sakura-haruno,cmd:2+3,10,0.88917,2.45445,0.9178799999999999,2.3391699999999997,0.08233367999999999
kinnikuman,juggle,2,1.34746,3.7162499999999996,0.7143700000000001,2.16272,0.19418683539999998
taizo-momote,sprint,9,0.92738,2.5525700000000002,0.32141,2.46888,0.46424802460000003
yoh-asakura-power-sword,cmd:d+1+2,8,1.71014,4.703340000000001,1.85197,4.27561,0.494678718
kagura,cmd:1+4,6,1.69247,4.63602,1.46567,3.51404,0.6544825
gohan-super-saiyan-2,sprint,10,0.8002800000000001,2.19108,0.47046,3.89194,0.4182874528
vegeta,backflip,8,1.31449,3.5809699999999998,1.0224600000000001,2.85358,0.9363533112
nico-robin,backflip,8,0.9121,2.48071,0.82786,3.03223,0.10418291280000001
kinnikuman,cmd:3+4,14,0.90764,2.46275,1.15355,2.41141,0.744262911
allen-walker,cmd:1+2,13,1.50144,4.07088,1.7144899999999998,3.3556,0.4690972
frieza,cmd:3+4,6,1.41563,3.8347300000000004,1.56832,2.79446,0.3218755813
frieza,jableft,7,1.41563,3.8347300000000004,1.56832,2.79446,0.3218755813
frieza,kickright,7,1.41563,3.8347300000000004,1.56832,2.79446,0.3218755813
rukia-kuchiki,getupStand,9,0.9271199999999999,2.50241,0.30877999999999994,2.03914,0.4945304327
rukia-kuchiki,knockdown,4,0.9271199999999999,2.50241,0.30877999999999994,1.25071,0.21278917
rukia-kuchiki,sprint,10,0.9271199999999999,2.50241,0.30877999999999994,2.5244600000000004,0.2381434192
kenshiro,cmd:3+4,10,1.3917799999999998,3.74721,1.73276,4.11286,0.1371390276
dr-mashirito,cmd:1+2,14,0.5405900000000001,1.4543300000000001,0.7277699999999999,2.25238,0.0289385421
fuusuke,getupStand,9,1.16459,3.12802,0.74736,2.5359100000000003,0.46466391840000004
nico-robin,cmd:1+2+4,11,0.54509,1.4599399999999998,1.06227,1.9592299999999998,0.4036164012
dr-mashirito,getupStand,9,1.03675,2.77492,0.6223500000000001,2.13109,0.5803726545000001
dr-mashirito,knockdown,4,1.03675,2.77492,0.6223500000000001,1.74071,0.27215348999999994
frieza,crouchBlock,8,0.95093,2.5445100000000003,1.69919,3.53459,0.220501008
rukia-kuchiki,jabright,11,1.02393,2.73277,2.1223300000000003,2.7678499999999997,0.36302618779999996
train-heartnet,cmd:1+3,9,0.7215100000000001,1.92157,1.9096000000000002,2.1392200000000003,0.48058866200000006
goku-super-saiyan,kickright,9,1.0375999999999999,2.75861,1.57178,2.6617800000000003,0.6656884000000001
dr-mashirito,backflip,8,1.11909,2.9645599999999996,0.62809,2.84349,0.6657856965000001
yoh-asakura-power-sword,cmd:2+3,9,2.20373,5.83495,1.69444,4.1021600000000005,0.32307623010000003
dio,knockdown,4,1.073,2.834,0.47473,1.79452,0.1895636085
toshiro-hitsugaya,sprint,10,1.5815599999999999,4.1682,0.45146000000000003,2.63841,0.3127192125
dio,cmd:1+2,10,0.82022,2.1586499999999997,1.49818,1.9883700000000002,0.1031713254
nico-robin,jableft,7,0.88876,2.33331,1.3940700000000001,2.10181,0.583470375
gon-freecss,getupStand,8,0.92713,2.43356,0.34517,1.93249,0.41648668050000004
renji-abarai,crouchBlock,8,1.4535900000000002,3.8047500000000003,1.92443,3.1976500000000003,0.6613573772
nami-perfect-clima-tact,cmd:1+3,9,1.41927,3.69599,1.027,3.6248899999999997,0.2606281876
nami-perfect-clima-tact,jableft,7,1.41927,3.69599,1.027,3.6248899999999997,0.2606281876
vegeta,knockdown,4,1.9993599999999998,5.19876,1.06602,2.9699,0.21531
riven,jabright,6,0.83267,2.1635,1.31675,1.69804,0.13173263999999998
yoh-asakura,cmd:2+4,8,1.21582,3.1545300000000003,1.92329,3.812,0.336360276
renji-abarai,getupStand,8,1.27591,3.30635,0.43969,2.94903,0.3773839435
hiei,sprint,10,0.92715,2.3943000000000003,0.26694,2.47624,0.2259625
renji-abarai,backflip,8,1.1507,2.96974,2.03173,3.3984399999999995,0.2475978188
franky,walkForward,8,1.3225799999999999,3.40056,1.74045,3.1188,0.36023831999999995
dio,crouchBlock,8,0.76197,1.95849,1.4882700000000002,2.30649,0.41924844000000006
hiei,getupStand,8,0.92715,2.38054,0.33216,2.00448,0.31339425
vegeta,kickleft,6,1.34476,3.45153,1.9139,2.84578,0.48459225
sven-vollfied,chargeKi,5,0.72785,1.86783,0.72785,6.23583,0.2468908925
sven-vollfied,jump,5,0.72785,1.86783,0.72785,6.23583,0.2468908925
sven-vollfied,kickright,5,0.72785,1.86783,0.72785,6.23583,0.2468908925
sven-vollfied,sprint,5,0.72785,1.86783,0.72785,6.23583,0.2468908925
nami,jabright,5,1.10077,2.82389,1.99164,2.48874,0.34652453759999996
roronoa-zoro,sprint,10,0.98143,2.51652,0.5710700000000001,2.5302700000000002,0.18155449999999998
sanji-vinsmoke,crouchBlock,8,0.64283,1.64044,1.06673,2.0633399999999997,0.1215583974
sanji-vinsmoke,kickleft,8,0.64283,1.64044,1.33653,1.9751800000000002,0.14521499999999998
sanji-vinsmoke,cmd:2+3,11,0.78372,1.98751,0.72772,1.92749,0.47441666450000003
taikoubou,backflip,8,1.00401,2.53425,1.1308699999999998,3.45051,0.437089198
goku,cmd:3+4,7,1.6771699999999998,4.23085,1.75335,4.242610000000001,0.6349406333000001
kagura,cmd:2+3,8,1.02609,2.5875,1.42712,3.3785600000000002,0.5573425
gotenks,backflip,8,1.2433400000000001,3.12177,0.88139,2.93873,0.453508641
nami,cmd:2+3,5,1.54668,3.8770700000000002,2.14229,2.9409000000000005,0.5358131424
lenalee-lee,cmd:3+4,5,1.36066,3.4035499999999996,0.8592599999999999,3.7620199999999997,0.6721100136
lenalee-lee,sprint,10,0.94219,2.35344,0.33098,1.89034,0.139268388
anna-kyoyama,jabright,7,1.47281,3.67507,1.6895,3.0741099999999997,0.1909591988
anna-kyoyama,juggle,2,1.52576,3.80681,1.67114,3.62099,0.2322288608
toshiro-hitsugaya,getupStand,8,1.6709,4.1682,0.7926799999999999,3.22694,0.3127192125
toshiro-hitsugaya,knockdown,4,1.6709,4.1682,0.7926799999999999,2.0139100000000005,0.3127192125
majin-buu,sprint,10,0.9016000000000001,2.2427900000000003,0.87083,3.39936,0.4603014926
allen-walker,walkForward,8,1.9043199999999998,4.71298,1.3709,3.9954600000000005,0.30678102
kakashi-hatake,kickleft,5,0.8439700000000001,2.08821,1.5438,2.51704,0.241322194
pegasus-seiya,juggle,2,2.01605,4.98471,1.1119899999999998,4.61977,0.5473772304000001
frieza,cmd:1+2,7,1.4597100000000003,3.58411,1.43738,2.5597200000000004,0.24009983080000002
raoh,getupStand,8,0.91907,2.2564200000000003,0.5649099999999999,1.79204,0.1274218
vegeta-super-saiyan,backflip,8,0.96591,2.3666199999999997,0.7521599999999999,2.2428700000000004,0.591923875
kurama,sprint,10,0.9271699999999999,2.26382,0.26466999999999996,2.3648400000000005,0.1731256568
bobobo-bo-bo-bobo,chargeKi,5,0.9921,2.41652,1.8737199999999998,2.32892,0.116966304
vegito,backflip,8,1.1528800000000001,2.80807,1.005,1.90596,0.49157500000000004
raoh,knockdown,4,0.92721,2.2564200000000003,0.5649099999999999,1.56471,0.1274218
raoh,sprint,10,0.92721,2.2564200000000003,0.5649099999999999,3.9314999999999998,0.19054739999999998
vegeta-super-saiyan,kickright,6,0.89167,2.16915,1.31668,2.57825,0.27124075
heihachi-edajima,backflip,8,0.88394,2.14013,1.35047,3.2924199999999995,0.40350401799999996
roronoa-zoro,walkForward,8,1.29066,3.11998,0.77007,2.21202,0.2805778
frieza,jabright,7,1.06682,2.57238,1.49972,2.29166,0.1903571606
naruto-uzumaki-nine-tails-kyubi,hitHeavy,8,2.6740199999999996,6.44256,2.36536,6.23796,0.314691
vegito,juggle,2,1.60359,3.8633999999999995,1.33051,2.63376,0.3805949634
kakashi-hatake,sprint,10,1.0596100000000002,2.5515600000000003,0.2903,2.97514,0.164414952
kagura,getupStand,8,1.3349799999999998,3.21442,0.6263299999999999,2.59863,0.5384971181
kagura,knockdown,4,1.3349799999999998,3.21442,0.6263299999999999,2.59863,0.5384971181
allen-walker,crouchBlock,8,1.50144,3.6138199999999996,1.7479000000000002,3.3556,0.7786480000000001
ichigo-kurosaki,sprint,10,0.92721,2.23021,0.28248,1.82042,0.43256616
goku-super-saiyan,juggle,2,1.6537000000000002,3.97374,1.3721,2.83803,0.37856999999999996
momotaro-tsurugi,crouchBlock,8,1.16265,2.7894,1.6126,2.17818,0.3516161619
eve,getupStand,8,1.4243700000000001,3.41194,0.69794,1.9987499999999998,0.3167525
kiro,cmd:O+2,6,1.34368,3.21671,1.64161,2.3390999999999997,0.1090042705
vegeta,kickright,6,1.15332,2.75943,1.67498,4.2815900000000005,0.3450531875
hiei,cmd:1+3,10,1.30686,3.12467,1.59385,2.66529,0.28781999999999996
sanji-vinsmoke,kickright,6,0.84687,2.02436,1.56399,2.1832000000000003,0.2788065
gon-freecss,crouchBlock,8,1.18087,2.8225299999999995,1.85162,2.87302,0.28240875
sakura-haruno,jableft,11,0.9958100000000001,2.37981,1.45525,2.4334900000000004,0.16799999999999998
nami-perfect-clima-tact,getupStand,8,0.92714,2.21321,0.36715000000000003,1.8351499999999998,0.1719344595
sakura-haruno,cmd:d+3+4,13,0.9217599999999999,2.19975,0.7253299999999999,2.4334900000000004,0.342829175
kagura,jabright,5,1.24694,2.9735000000000005,1.2469499999999998,2.86603,0.3402936372
gintoki-sakata,jabright,11,0.8502000000000001,2.02199,1.5550099999999998,2.1482499999999995,0.13614598100000003
kurama,cmd:2+3,19,1.01685,2.41627,1.4963499999999998,2.1766599999999996,0.23315625
sanji-vinsmoke,backflip,8,0.57295,1.35455,0.6908299999999999,2.12657,0.2902044495
vegeta-super-saiyan,getupStand,8,1.00323,2.3666199999999997,0.7636700000000001,2.3457,0.591923875
anna-kyoyama,jump,3,1.2193299999999998,2.87117,1.3389199999999999,2.87118,0.0837122
gotenks,kickright,7,0.95319,2.2413600000000002,1.8923899999999998,2.17485,0.14930746740000003
kazuki-muto,juggle,2,2.70061,6.34117,2.4457299999999997,4.3022,0.11327224999999999
kakashi-hatake,getupStand,8,1.17123,2.74364,0.47978,2.1674,0.6612076211
don-patch-poppa-rocks,backflip,8,1.23117,2.8829000000000002,1.8449099999999998,2.49482,0.44374610360000005
allen-walker,jump,5,1.1412200000000001,2.67175,2.16091,2.49357,0.21991632
train-heartnet,jableft,6,0.8828200000000002,2.0614,1.94928,2.13923,0.5836357395
vegeta-super-saiyan,kickleft,6,1.07569,2.50853,1.43559,2.1470599999999997,0.3803633411
naruto-uzumaki-nine-tails-kyubi,cmd:1+4,15,1.29296,3.01275,0.86188,2.4996199999999997,0.3823822128
nami-perfect-clima-tact,jabright,5,0.80619,1.87648,1.39976,1.6459599999999999,0.2280610692
jaguar-junichi,cmd:1+4,15,0.85663,1.99248,1.3369300000000002,2.4835399999999996,0.25594647119999997
kakashi-hatake,crouchBlock,8,1.27577,2.9660399999999996,0.7069900000000001,3.95513,0.34000037499999997
lenalee-lee,cmd:2+4,10,1.46598,3.4035499999999996,0.75046,3.7620199999999997,0.6721100136
nami,cmd:2+4,10,1.34473,3.1176500000000003,1.9689999999999999,3.2476,0.2610796884
pegasus-seiya,sprint,10,0.92715,2.1448600000000004,0.29164,2.55578,0.16769193759999998
fuusuke,knockdown,4,1.35293,3.12802,0.74736,2.5359100000000003,0.0616611016
yoh-asakura-power-sword,cmd:u+1+2,9,2.06292,4.7641,1.24915,3.5727400000000005,1.0755273043
sanji-vinsmoke,getupStand,8,0.8196500000000001,1.8926699999999999,0.40988,1.9923299999999997,0.40449733720000003
kazuki-muto,getupStand,8,1.25965,2.9052700000000002,0.46287999999999996,2.11888,0.3632719375
kazuki-muto,cmd:1+4,7,1.4488400000000001,3.34079,0.66162,3.03229,0.2950342509
naruto-uzumaki-nine-tails-kyubi,jabright,7,1.35433,3.12148,0.8322299999999999,3.06942,0.4920586591
killua-zoldyck,backflip,8,0.9451099999999999,2.17424,0.81715,2.98871,0.227239215
vegeta-super-saiyan,cmd:1+3,4,0.82778,1.90198,1.0824099999999999,2.03598,0.20111613690000002
neuro-nogami,walkForward,8,0.5688,1.30429,1.4634699999999998,2.1312,0.09772700000000001
goku-super-saiyan,cmd:3+4,7,1.05041,2.40768,1.2368699999999997,2.3748299999999998,0.48750000000000004
kagura,crouchBlock,8,1.2974999999999999,2.9735000000000005,1.29868,3.14019,0.5152021875
roronoa-zoro,backflip,8,0.9681200000000001,2.2176299999999998,1.08093,2.43931,0.2233848
vegeta-super-saiyan,jabright,5,0.9952000000000001,2.2778799999999997,1.70106,2.1386799999999995,0.1757171888
renji-abarai,cmd:1+3,13,1.40341,3.21206,1.9323299999999999,3.19785,0.5122742296
lenalee-lee,cmd:2+3,4,1.61895,3.69143,2.0001100000000003,3.3568400000000005,0.1648496232
lenalee-lee,jableft,4,1.61895,3.69143,2.0001100000000003,3.3568400000000005,0.1648496232
lenalee-lee,kickleft,6,1.61895,3.69143,2.0001100000000003,3.3568400000000005,0.1648496232
killua-zoldyck,cmd:1+4,9,0.97273,2.21774,1.92986,2.1736200000000006,0.27733
nami,crouchBlock,8,1.09101,2.48666,1.45708,2.59502,0.09875861550000001
kiro,hitHeavy,5,0.9271499999999999,2.11142,0.24465000000000003,1.94891,0.325003125
lenalee-lee,juggle,2,0.94219,2.1407,1.2073399999999999,1.47145,0.0557704315
kenshin-himura,getupStand,7,0.92719,2.10025,0.36823999999999996,2.0012,0.1860413632
monkey-d-luffy-2nd-gear,cmd:2+4,7,0.61403,1.39064,0.7277699999999999,1.95213,0.0575766865
goku-super-saiyan,backflip,8,1.22521,2.77329,1.06805,1.8902,0.5500621584
anna-kyoyama,crouchBlock,8,1.46633,3.31144,1.88011,2.51002,0.15031250000000002
nami-perfect-clima-tact,cmd:2+4,6,0.7554000000000001,1.6983699999999997,1.4425500000000002,1.83806,0.24383820120000002
raoh,backflip,8,0.8302099999999999,1.8569499999999999,0.7860299999999999,2.0186100000000002,0.084440655
vegito,cmd:2+4,5,0.96895,2.16269,1.28658,2.42585,0.46365734490000005
kenshin-himura,cmd:3+4,13,1.0958700000000001,2.43694,1.6141,2.5662800000000003,0.3068156
roronoa-zoro,cmd:3+4,12,1.1359599999999999,2.5246899999999997,1.3515400000000002,2.2873,0.277332
raoh,crouchBlock,8,1.08229,2.40204,1.79248,2.16592,0.07548
caramelman-j,sprint,10,2.11781,4.69834,1.83699,6.140560000000001,0.316309917
yusuke-urameshi,cmd:1+2,10,1.10373,2.44791,1.93212,2.63485,0.25046735999999997
raoh,jableft,8,0.8449200000000001,1.87355,1.6217700000000002,2.21795,0.13867
hiei,cmd:3+4,6,1.0659,2.36036,1.16511,2.23156,0.2681575344
jaguar-junichi,cmd:1+3,16,0.92782,2.05281,1.6052600000000001,2.52679,0.2077686
jaguar-junichi,jableft,5,0.92782,2.05281,1.7568400000000002,2.52679,0.1579903
vegeta,cmd:1+3,4,1.1724899999999998,2.5932500000000003,1.31281,2.9327,0.2779617914
lenalee-lee,cmd:1+4,9,0.92248,2.0346,1.2059900000000001,2.13912,0.21520641999999998
kazuki-muto,backflip,8,1.44854,3.19397,0.98004,3.03685,0.2686555844
nico-robin,cmd:3+4,11,0.8592900000000001,1.8918499999999998,1.14775,1.9059,0.11673792449999999
riven,cmd:2+4,5,0.9341,2.046,1.75749,2.6611599999999997,0.12281225000000001
heihachi-edajima,cmd:2+3,4,1.3404699999999998,2.93526,1.8825900000000002,6.23874,0.6420832
riven,cmd:1+2,11,1.111,2.4322999999999997,1.5065600000000001,2.32462,0.48933560000000004
lenalee-lee,crouchBlock,8,0.92696,2.02143,0.75046,2.06984,0.39241502670000006
kakashi-hatake,knockdown,4,1.17123,2.5515600000000003,0.47978,1.1873300000000002,0.14302259820000002
jaguar-junichi,jabright,4,1.0680300000000003,2.32257,1.62868,2.09027,0.4355876493
rukia-kuchiki,jableft,7,1.3182500000000001,2.8578400000000004,2.00056,2.72879,0.2407975962
pegasus-seiya,cmd:1+2,6,1.16925,2.52678,1.86261,2.52366,0.1803327803
kakashi-hatake,walkForward,8,1.3119299999999998,2.8321500000000004,1.55373,2.64222,0.3683214136
majin-buu,cmd:2+4,8,1.24658,2.69,1.79934,2.4789399999999997,0.211249675
majin-buu,kickright,8,1.24658,2.69,1.79934,2.4789399999999997,0.211249675
ichigo-kurosaki,getupStand,7,0.92721,1.9971200000000002,0.34752,1.95238,0.181642643
kenshin-himura,cmd:1+4,8,1.12717,2.4221999999999997,1.4799799999999999,2.7683200000000006,0.351247176
roronoa-zoro,chargeKi,7,1.03944,2.23063,1.89387,2.37622,0.194057628
nico-robin,knockdown,4,0.92713,1.9867399999999997,0.50048,1.23913,0.11465999999999998
taikoubou,cmd:1+2,13,0.9399200000000001,2.00497,1.7629,2.42587,0.2199648927
vegito,getupStand,9,1.32281,2.80807,0.65743,2.10899,0.49157500000000004
train-heartnet,cmd:1+2,6,0.76198,1.6175100000000002,1.3896000000000002,1.83663,0.1069472
monkey-d-luffy,sprint,10,0.82988,1.7533,0.52155,2.35922,0.1881386
piccolo,backflip,8,1.17841,2.48034,1.29482,2.6524900000000002,0.1814658434
kenshin-himura,cmd:1+2,10,1.3952200000000001,2.9344099999999997,1.73375,2.7683200000000006,0.34593812479999997
kenshiro,sprint,10,0.9272,1.9499,0.2026,2.25252,0.19083518249999998
kenshin-himura,backflip,8,1.10975,2.3271,1.7261400000000002,2.41359,0.4988479742
rukia-kuchiki,kickleft,5,1.2177799999999999,2.5492600000000003,2.33903,2.8949,0.297544975
riven,cmd:3+4,5,1.16222,2.4322999999999997,1.31129,2.0791700000000004,0.1615725174
sakura-haruno,backflip,8,0.81875,1.71081,0.63324,2.68576,0.47540192130000003
nami,cmd:1+4,15,1.19233,2.48666,1.16173,2.2275300000000002,0.1086588437
heihachi-edajima,getupStand,8,1.10262,2.29897,0.63295,2.0588800000000003,0.28137318
momotaro-tsurugi,sidestepRight,5,1.1410299999999998,2.37819,2.07237,2.9333,0.4882900748
jaguar-junichi,crouchBlock,8,0.85663,1.7806800000000003,0.5202899999999999,2.09615,0.1955352
hiei,cmd:1+4,6,1.3110499999999998,2.71533,1.44133,2.07923,0.2079372944
hiei,jabright,6,1.3110499999999998,2.71533,1.44133,2.07923,0.2079372944
gotenks,jabright,5,0.9632800000000001,1.99216,1.80135,2.61052,0.117520416
killua-zoldyck,sprint,10,0.9529099999999999,1.96928,0.2987,2.54697,0.2105067099
heihachi-edajima,cmd:1+2,8,1.06602,2.20075,1.56726,1.92629,0.2717786337
hiei,crouchBlock,8,1.2927,2.6653000000000002,1.2572199999999998,2.66529,0.2038680222
kiro,kickleft,5,1.20907,2.4812100000000004,1.7409400000000002,2.49891,0.2177313344
caramelman-j,jump,8,1.8887999999999998,3.8694699999999997,1.96212,3.69083,0.4233736284
ryotsu-kankichi,cmd:2+3,5,1.5497199999999998,3.17051,2.01404,3.0999999999999996,0.2466975315
eve,jableft,6,1.4407,2.9429600000000002,1.6633300000000002,2.13924,0.6567026234999999
sanji-vinsmoke,walkForward,8,0.8717600000000001,1.77642,1.2669300000000001,1.71676,0.057616879
yasutora-sado,backflip,8,0.97897,1.9937,1.4555,2.1067199999999997,0.06484224000000001
goku-super-saiyan,getupStand,8,1.36205,2.77329,0.66545,2.00422,0.5500621584
yoh-asakura-power-sword,cmd:2+4,6,2.32991,4.73206,2.09212,6.10627,0.5659449124
toshiro-hitsugaya,chargeKi,8,1.42563,2.8953100000000003,2.40836,3.4415000000000004,0.5987770039
roronoa-zoro,juggle,2,1.12842,2.28846,0.74461,2.16795,0.0846655125
gon-freecss,cmd:1+3,13,1.24032,2.5124199999999997,1.3953299999999997,2.22093,0.2284821212
killua-zoldyck,getupStand,7,1.17312,2.3707200000000004,0.45975999999999995,2.2346000000000004,0.4057336943
yasutora-sado,jabright,6,0.9868100000000001,1.9937,1.4555,2.00511,0.06171456
bobobo-bo-bo-bobo,cmd:3+4,5,1.1153899999999999,2.25292,1.37434,1.70126,0.5544633514
kurama,getupStand,8,1.14482,2.31197,0.69148,1.78481,0.4183029206
eve,jabright,8,1.41326,2.84982,1.64256,2.13924,0.33933506970000005
kenshiro,kickright,10,1.0715599999999998,2.1605000000000003,1.9427500000000002,2.42597,0.20854226250000002
goku,getupStand,8,1.8288000000000002,3.6856999999999998,1.27983,2.52894,0.49326494340000004
jotaro-kujo,sprint,10,1.13005,2.27668,0.34055,1.8211699999999997,0.22776000000000002
momotaro-tsurugi,cmd:1+2,6,1.5009299999999999,3.02255,1.70115,2.8792999999999997,0.33681414179999997
momotaro-tsurugi,jableft,6,1.5009299999999999,3.02255,1.70115,2.8792999999999997,0.33681414179999997
sakura-haruno,cmd:1+2,11,1.11348,2.23939,1.72434,2.38149,0.194811522
renji-abarai,sprint,10,1.27591,2.5638199999999998,0.43969,3.42827,0.2550296039
goku-super-saiyan,jabright,6,1.3661699999999999,2.74375,1.68404,2.15342,0.16119999999999998
neuro-nogami,cmd:2+4,9,0.80429,1.6150000000000002,1.6359199999999998,2.22621,0.2131920665
franky,crouchBlock,8,1.27535,2.5606999999999998,1.56856,2.45527,0.21749910000000003
train-heartnet,cmd:3+4,6,0.81811,1.6362200000000002,1.5366600000000001,2.1831500000000004,0.1432432476
nami,cmd:1+2,10,1.38864,2.7733499999999998,1.59886,2.59886,0.1985445
hiei,cmd:1+2,4,1.14331,2.2833699999999997,1.2572199999999998,2.42597,0.2038680222
gotenks-super-saiyan,crouchBlock,8,1.0745500000000001,2.14595,1.49885,2.14595,0.128011882
eve,crouchBlock,8,1.3955199999999999,2.77955,1.32166,2.274,0.599126125
ryotsu-kankichi,getupStand,8,1.31145,2.60887,0.8348,2.02721,0.2186843412
kenshin-himura,crouchBlock,8,1.33811,2.65443,1.2889599999999999,2.73405,0.43406233019999996
yugi-mutou,getupStand,8,1.23416,2.44816,0.52104,2.0082000000000004,0.3488394822
franky,cmd:2+3,13,1.26725,2.51332,1.5031400000000001,2.6672700000000003,0.1790793561
jaguar-junichi,walkForward,8,1.05305,2.08594,1.14987,2.60394,0.1220433255
anna-kyoyama,walkForward,6,1.98363,3.92278,1.85961,3.11863,0.1889276705
train-heartnet,crouchBlock,8,0.81811,1.6175100000000002,1.5366600000000001,2.1831500000000004,0.107332098
riven,cmd:O+1,7,1.03767,2.04751,1.15429,2.0376299999999996,0.1267521528
kakashi-hatake,cmd:2+3,6,1.2004000000000001,2.36793,1.56995,2.62376,0.29090343750000003
yoh-asakura-power-sword,getupStand,8,2.30816,4.5456199999999995,1.08545,3.15899,0.4513500376000001
lenalee-lee,kickright,8,1.23435,2.42476,1.62544,2.39908,0.0863127162
kenshiro,cmd:1+2,12,1.08856,2.13799,1.58123,2.25256,0.1909585791
sakura-haruno,kickleft,12,0.9592,1.8776800000000002,1.39906,2.8171999999999997,0.1730074563
killua-zoldyck,juggle,2,1.5961100000000001,3.1189299999999998,1.0525200000000001,2.4788099999999997,0.5200893863
ichigo-kurosaki,crouchBlock,8,1.68224,3.27606,1.44031,2.73831,0.5745344040000001
vegito,jabright,5,1.36438,2.64916,1.74532,2.06027,0.15473868799999999
eve,cmd:1+2,6,1.50766,2.9247699999999996,0.94315,1.8308300000000002,0.9457455645
roronoa-zoro,getupStand,8,1.16432,2.2544399999999998,0.5710700000000001,1.90158,0.13977372
neuro-nogami,sidestepLeft,9,1.0567,2.04142,1.0567,2.0792400000000004,0.1923876624
neuro-nogami,sidestepRight,9,1.0567,2.04142,1.0567,2.0792400000000004,0.1923876624
nami-perfect-clima-tact,cmd:1+4,8,1.15782,2.23523,1.4565,2.0486,0.5323640625
yoh-asakura,cmd:1+4,8,1.49689,2.88559,1.65358,2.44577,0.20815382070000002
kenshin-himura,jableft,4,1.2189699999999999,2.34683,1.79662,1.9934699999999999,0.2384230518
vegeta-super-saiyan,crouchBlock,8,0.89167,1.7128800000000002,1.6624599999999998,1.9058599999999999,0.11473278459999998
momotaro-tsurugi,cmd:1+3,7,1.45385,2.7894,1.8235999999999999,2.23518,0.33681414179999997
goku,jabright,7,1.6961600000000001,3.25322,1.92756,2.87726,0.23027264
taikoubou,juggle,2,1.4920399999999998,2.8421700000000003,1.49205,2.28465,0.083628573
taizo-momote,chargeKi,7,1.2938800000000001,2.46276,1.11294,2.29408,0.5581405557
taizo-momote,sidestepLeft,7,1.2938800000000001,2.46276,1.11294,2.29408,0.5581405557
kenshin-himura,cmd:2+3,12,1.3952200000000001,2.65443,1.2889599999999999,2.7683200000000006,0.43406233019999996
heihachi-edajima,cmd:1+4,10,1.06602,2.02644,1.02336,2.1585699999999997,0.23116853520000002
kurama,backflip,8,0.90079,1.7118400000000003,1.01284,2.65321,0.22717274720000002
goku-super-saiyan,crouchBlock,8,1.0375999999999999,1.97038,1.57178,2.27175,0.20767458400000002
bobobo-bo-bo-bobo,kickleft,6,1.19071,2.25859,1.7146,2.24925,0.21517184
kenshiro,cmd:2+3,10,1.1120700000000001,2.10938,1.60982,2.1833299999999998,0.1144454115
bobobo-bo-bo-bobo,crouchBlock,8,1.22688,2.32516,1.0512899999999998,2.11072,0.172254531
kenshin-himura,jabright,4,1.5527099999999998,2.9344099999999997,1.91232,2.2634899999999996,0.34593812479999997
piccolo,cmd:1+2,6,1.13198,2.13845,1.7822699999999998,2.71052,0.30272424
gintoki-sakata,jableft,8,0.98578,1.85625,1.40804,2.76881,0.36817405529999997
naruto-uzumaki-nine-tails-kyubi,jableft,6,2.2053700000000003,4.14675,1.0888,3.3550199999999997,0.2996560847
taizo-momote,crouchBlock,8,1.3591,2.5525700000000002,1.66277,2.46888,0.46424802460000003
taizo-momote,sidestepRight,8,1.3591,2.5525700000000002,1.66277,2.46888,0.46424802460000003
piccolo,getupStand,8,1.78678,3.35561,1.2300900000000001,2.3185,0.7494956755
kenshin-himura,chargeKi,8,0.9221900000000001,1.7277500000000001,1.83169,2.2216699999999996,0.0518615265
vegito,cmd:3+4,8,1.0464600000000002,1.9566700000000001,1.53219,2.4196100000000005,0.4533108678
vegito,kickright,9,1.0464600000000002,1.9566700000000001,1.53219,2.4196100000000005,0.4533108678
near,kickleft,3,1.55926,2.9142799999999998,2.07922,4.12956,0.1822849104
kurama,walkForward,8,1.1429,2.12878,1.51179,2.1615800000000003,0.2622788
monkey-d-luffy-2nd-gear,sprint,10,0.8731800000000001,1.62604,0.27966,2.09663,0.3258864
gon-freecss,juggle,2,1.51214,2.8144299999999998,1.1936299999999997,1.5563900000000002,0.11944192
ryotsu-kankichi,cmd:1+3,7,1.18444,2.20424,1.8626,2.4339500000000003,0.0689138107
roronoa-zoro,cmd:2+3,9,1.2074799999999999,2.24266,1.09775,2.07911,0.3097829213
allen-walker,knockdown,4,1.2741,2.36517,0.57669,1.18213,0.126254625
pegasus-seiya,crouchBlock,8,1.16925,2.1677099999999996,1.86261,2.18312,0.14121829249999998
vegito,crouchBlock,8,1.0464600000000002,1.9398600000000001,1.53219,2.2463300000000004,0.19159400000000001
gon-freecss,walkForward,8,1.2376399999999999,2.29091,1.67658,2.20219,0.1637183583
heihachi-edajima,sprint,10,1.10487,2.03995,0.34389000000000003,2.0809800000000003,0.351484911
monkey-d-luffy,getupStand,8,1.02179,1.88536,0.52155,1.97824,0.38953201279999994
taizo-momote,backflip,8,1.33571,2.46275,1.11294,2.29408,0.44266191709999997
taizo-momote,jump,8,1.33571,2.46275,1.11294,2.29408,0.44266191709999997
yusuke-urameshi,crouchBlock,8,1.3282600000000002,2.44791,2.1990700000000003,2.63485,0.25046735999999997
yusuke-urameshi,cmd:1+2+3,7,1.00458,1.85053,1.7729599999999999,2.1591199999999997,0.39673325839999996
heihachi-edajima,block,2,1.10043,2.02644,1.7419300000000002,1.92629,0.23116853520000002
raoh,chargeKi,10,0.58911,1.08278,0.7277699999999999,1.66406,0.11033004359999998
majin-buu,jableft,6,1.09846,2.01835,1.8832600000000002,2.0845900000000004,0.230935359
gohan-super-saiyan-2,cmd:1+2,9,1.18243,2.1718900000000003,1.4702100000000002,2.02704,0.2982367343
gohan-super-saiyan-2,jabright,6,1.18243,2.1718900000000003,1.4702100000000002,2.02704,0.2982367343
vegeta,crouchBlock,8,1.50902,2.77018,2.10384,4.2815900000000005,0.1847601663
frieza,knockdown,4,1.58625,2.91151,0.87059,1.7692899999999998,0.36140524999999996
ichigo-kurosaki,knockdown,4,0.92721,1.70159,0.34752,0.8771199999999999,0.0531896911
toshiro-hitsugaya,cmd:3+4,11,2.00791,3.68356,1.77663,2.59625,0.3477545668
eve,walkForward,8,1.4216600000000001,2.60747,1.8687099999999999,2.72879,0.22576319999999997
ryotsu-kankichi,jabright,5,1.23287,2.25608,1.7404400000000002,2.20905,0.179428182
lenalee-lee,getupStand,8,1.37766,2.5170399999999997,0.66205,1.85511,0.3672220212
gotenks-super-saiyan,cmd:1+2,6,0.88045,1.6082199999999998,1.5176999999999998,2.13023,0.0766141046
gotenks-super-saiyan,jabright,4,0.88045,1.6082199999999998,1.5176999999999998,2.0420599999999998,0.091928304
riven,cmd:1+3,8,0.90679,1.65482,1.03955,1.93074,0.1326468
riven,cmd:FC+3+4,10,0.90679,1.65482,1.03955,1.99909,0.13636560279999999
gohan-super-saiyan,getupStand,8,1.26148,2.30131,0.5272699999999999,2.5764199999999997,0.5423432499999999
taikoubou,cmd:2+4,11,0.9922500000000001,1.8099,1.6603,2.25252,0.3219006762
sanji-vinsmoke,knockdown,4,0.9271400000000001,1.6901000000000002,0.40988,0.97478,0.130060377
monkey-d-luffy-2nd-gear,walkForward,8,1.3444599999999998,2.45024,1.78329,2.14838,0.121446864
toshiro-hitsugaya,jabright,8,2.1186299999999996,3.84413,2.16791,3.32181,0.397582218
ichigo-kurosaki,cmd:2+3,5,1.5873399999999998,2.8782699999999997,1.53078,3.04763,0.40222200840000005
neuro-nogami,chargeKi,5,0.8002,1.4477600000000002,1.8240499999999997,2.25252,0.058057728600000004
vegeta,jableft,4,1.7013,3.0764199999999997,2.2214300000000002,2.8509599999999997,0.215429136
don-patch-poppa-rocks,getupStand,9,1.76343,3.18472,1.59166,2.71845,0.3504450874
roronoa-zoro,cmd:1+4,7,1.30068,2.3485500000000004,1.68107,2.60394,0.166002969
naruto-uzumaki-nine-tails-kyubi,cmd:2+3,12,1.75118,3.1595700000000004,0.5880799999999999,2.36943,0.43210071800000005
naruto-uzumaki-nine-tails-kyubi,crouchBlock,8,1.75118,3.1595700000000004,0.62066,2.36943,0.43210071800000005
gon-freecss,chargeKi,9,1.0547,1.90181,1.83654,2.38238,0.0668050887
majin-buu,cmd:1+2,10,1.35211,2.43735,0.69933,2.1045,0.6279322764
frieza,cmd:2+3,12,1.02664,1.8500899999999998,0.81843,1.8150999999999997,0.169618374
monkey-d-luffy-2nd-gear,cmd:3+4,9,1.10059,1.9797399999999998,0.44698,2.0308100000000002,0.4426335375
neuro-nogami,crouchBlock,8,1.1509,2.06961,1.94931,2.0688199999999997,0.28232353029999996
heihachi-edajima,cmd:3+4,7,1.07106,1.92374,1.7941799999999999,2.2993,0.3073901376
taikoubou,jableft,5,1.45838,2.6190500000000005,1.85352,2.6620799999999996,0.142663829
taikoubou,jabright,6,1.45838,2.6190500000000005,1.85352,2.6620799999999996,0.142663829
lenalee-lee,jump,5,1.02326,1.83728,1.91174,2.5173599999999996,0.16595824550000002
franky,jableft,7,1.72751,3.10128,1.7353699999999999,2.7672,0.15694819919999997
toshiro-hitsugaya,cmd:1+3,12,2.1253,3.81129,0.9849499999999999,2.1994,0.6931462520000001
renji-abarai,cmd:1+2,15,2.02319,3.62542,1.92443,2.98871,0.5650290369
renji-abarai,jableft,5,2.02319,3.62542,2.16606,2.96424,0.5527869432
riven,cmd:1+4,7,1.0966,1.96333,1.0851199999999999,1.61138,0.28201626700000004
franky,cmd:1+3,9,1.44964,2.58868,1.9240199999999998,2.88791,0.27900959999999997
gintoki-sakata,cmd:1+2,6,1.14349,2.04146,1.32829,2.06626,0.22913886420000001
gotenks,crouchBlock,8,1.27054,2.2634999999999996,1.72682,2.36504,0.1474831116
yugi-mutou,cmd:3+4,7,1.02169,1.8184900000000002,1.60584,1.94931,0.13813141140000001
train-heartnet,jabright,6,1.0747,1.91272,1.58642,2.21394,0.1530793245
don-patch-poppa-rocks,cmd:1+2,9,1.41873,2.5221599999999995,1.88608,2.5459199999999997,0.2227916768
kenshiro,cmd:2+4,17,0.9947999999999999,1.7643399999999998,1.46149,2.28724,0.155175603
hiei,walkForward,8,1.32877,2.3540799999999997,1.80057,2.46882,0.32924606
goku,kickleft,8,1.60287,2.83785,1.5569199999999999,2.4745999999999997,0.3368117125
train-heartnet,cmd:1+4,10,0.94243,1.6675900000000001,1.29941,2.4009899999999997,0.17844464
toshiro-hitsugaya,jableft,10,1.7567300000000001,3.1024199999999995,1.27404,2.8767,0.47428616760000003
near,chargeKi,4,0.74366,1.31125,0.72785,1.25421,0.3125921949
near,crouchBlock,4,0.74366,1.31125,0.72785,1.25421,0.3125921949
near,jump,4,0.74366,1.31125,0.72785,1.25421,0.3125921949
near,sidestepLeft,4,0.74366,1.31125,0.72785,1.25421,0.3125921949
near,sprint,4,0.74366,1.31125,0.72785,1.25421,0.3125921949
near,walkForward,4,0.74366,1.31125,0.72785,1.25421,0.3125921949
roronoa-zoro,jableft,5,1.45671,2.5639700000000003,1.21196,2.31734,0.24507316350000002
gotenks-super-saiyan,cmd:2+3,4,1.2201499999999998,2.14595,1.49885,2.14595,0.128011882
yasutora-sado,crouch,4,1.13376,1.9937,1.4555,1.86007,0.05816655
nico-robin,getupStand,7,0.88036,1.54579,0.29642999999999997,2.2957400000000003,0.12130439999999999
pegasus-seiya,knockdown,4,1.0210000000000001,1.79058,0.47385,1.17052,0.08207518899999999
dio,backflip,8,0.9610399999999999,1.68396,1.25196,2.26897,0.30602441020000004
dr-mashirito,jabright,10,0.71696,1.2558099999999999,0.72778,2.0791299999999997,0.05561244
nami-perfect-clima-tact,walkForward,8,1.1997299999999997,2.1004,1.4564300000000001,2.00983,0.1620216
nami,walkForward,8,1.6131,2.82219,1.77065,2.96277,0.20174959999999997
taikoubou,crouchBlock,8,0.9922500000000001,1.73427,1.73428,2.3149599999999997,0.261874036
nami,juggle,2,2.55082,4.458019999999999,1.93838,4.87291,0.33173971999999996
gohan-super-saiyan-2,getupStand,8,1.08077,1.88449,0.47046,2.2246099999999998,0.46223926400000004
kiro,cmd:FC+2,2,1.27654,2.2212899999999998,1.8937499999999998,2.56328,0.2447500713
taikoubou,cmd:2+3,7,0.99687,1.73427,1.73428,2.3149599999999997,0.261874036
dragon-shiryu,chargeKi,5,0.8176700000000001,1.41962,0.72787,6.23886,0.2322
dragon-shiryu,crouch,5,0.8176700000000001,1.41962,0.72787,6.23886,0.2322
dragon-shiryu,kickleft,5,0.8176700000000001,1.41962,0.72787,6.23886,0.2322
vegeta,juggle,2,4.48348,7.765029999999999,3.60373,4.36846,1.59518625
eve,cmd:3+4,10,1.1152600000000001,1.93116,0.9818700000000001,2.18316,0.2538429966
fuusuke,jabright,8,1.1357199999999998,1.96645,1.8461400000000001,2.2254500000000004,0.16865
kinnikuman,cmd:1+2,13,1.44798,2.50196,0.65766,2.63723,0.485276596
goku-super-saiyan,knockdown,4,1.44233,2.49021,0.66545,1.40542,0.030136399999999997
nami,block,2,1.0898400000000001,1.88063,1.97241,1.99243,0.0688391232
neuro-nogami,sprint,10,0.92717,1.5998700000000001,0.52038,1.8434400000000002,0.16570400000000002
kiro,cmd:2+3,6,1.44685,2.4947600000000003,1.6910299999999998,2.59317,0.3547863045
pegasus-seiya,cmd:2+3,10,1.1152699999999998,1.9223400000000002,1.52033,2.45466,0.110592844
neuro-nogami,cmd:1+4,8,1.26782,2.18419,1.09831,2.92712,0.45580603619999993
goku,kickright,9,1.91687,3.2996600000000003,1.9374200000000001,3.18384,0.79625
caramelman-j,jableft,8,2.50446,4.30607,2.46868,3.72886,0.6818565000000001
yusuke-urameshi,cmd:1+3,7,1.2475999999999998,2.1445,1.9794600000000002,2.3680000000000003,0.24000239120000003
sakura-haruno,crouchBlock,8,0.91217,1.56632,1.5307000000000002,2.4949500000000002,0.274443
kenshin-himura,sprint,10,0.92719,1.59192,0.36823999999999996,2.2267900000000003,0.269995308
gohan-super-saiyan-2,knockdown,4,1.08077,1.8553600000000001,0.47046,1.16793,0.085932076
monkey-d-luffy,knockdown,4,1.02179,1.7533,0.52155,1.11886,0.121286556
monkey-d-luffy,cmd:1+3,5,0.96276,1.64974,1.259,2.36691,0.1288207788
piccolo,cmd:1+4,4,1.14177,1.9558300000000002,2.10078,2.70323,0.162715927
allen-walker,chargeKi,4,0.84944,1.4514900000000002,2.26237,3.14629,0.043524
lenalee-lee,knockdown,4,1.37766,2.35344,0.66205,1.47632,0.139268388
arale-norimaki,backflip,8,1.33227,2.27414,1.6914899999999997,2.7718999999999996,0.1436703066
taikoubou,chargeKi,7,1.09454,1.86336,1.52135,2.4407,0.3177804231
kurama,jableft,6,1.06576,1.81427,1.9971,2.10975,0.225621968
sakura-haruno,getupStand,9,0.8168,1.38983,0.34517,2.11467,0.126981
anna-kyoyama,getupStand,8,1.25531,2.1339300000000003,0.7009299999999999,1.88436,0.2163456639
kazuki-muto,jableft,6,1.5668700000000002,2.6617800000000003,1.63731,2.83711,0.3019542624
kiro,cmd:FC+3+4,7,1.46888,2.4947600000000003,1.6910299999999998,2.59317,0.3547863045
fuusuke,backflip,8,1.22229,2.0752300000000004,1.4578600000000002,2.56989,0.20927342300000001
taikoubou,walkForward,8,1.52531,2.58896,1.4493099999999999,2.3163400000000003,0.1703843364
gohan-super-saiyan-2,backflip,8,1.11206,1.88449,0.97814,1.95259,0.46223926400000004
gohan-super-saiyan,crouchBlock,8,1.6474699999999998,2.7904799999999996,2.34897,2.8698699999999997,0.22331464080000002
nami-perfect-clima-tact,cmd:1+2,5,0.85467,1.4462699999999997,1.35149,1.9792500000000002,0.08347412779999999
fuusuke,kickright,9,1.14955,1.9439699999999998,1.9281099999999998,2.35577,0.30564986
toshiro-hitsugaya,cmd:2+4,12,2.1672599999999997,3.66479,1.9815399999999999,3.9145800000000004,0.6911249262
kiro,cmd:3+4,9,1.33061,2.24788,1.6544500000000002,2.29898,0.1336206912
riven,kickleft,4,0.81421,1.3719700000000001,1.63372,2.03758,0.1455986
cygnus-hyoga,crouchBlock,8,0.97477,1.64223,1.4297499999999999,1.9878199999999997,0.055936641800000006
cygnus-hyoga,jabright,8,0.97477,1.64223,1.4297499999999999,1.9878199999999997,0.055936641800000006
cygnus-hyoga,sidestepLeft,8,0.97477,1.64223,1.4297499999999999,1.9878199999999997,0.055936641800000006
gohan-super-saiyan,backflip,8,1.36599,2.30131,1.11172,2.5764199999999997,0.5423432499999999
momotaro-tsurugi,jabright,5,1.6587200000000002,2.7894,1.8235999999999999,2.23518,0.277223304
ichigo-kurosaki,cmd:1+4,8,1.42104,2.38896,1.29319,1.9703199999999998,0.49798540960000004
ichigo-kurosaki,cmd:2+4,8,1.42104,2.38896,1.29319,1.9703199999999998,0.49798540960000004
yoh-asakura-power-sword,crouchBlock,8,2.27439,3.8219700000000003,0.9460700000000001,2.66895,0.5893371232
neuro-nogami,getupStand,8,0.92717,1.5573200000000003,0.40843,1.93137,0.2734094826
neuro-nogami,knockdown,4,0.92717,1.5573200000000003,0.52038,0.88966,0.044138000000000004
killua-zoldyck,knockdown,4,1.17312,1.96928,0.45975999999999995,1.1024399999999999,0.2105067099
arale-norimaki,knockdown,5,1.40945,2.36418,1.6914899999999997,2.01394,0.1971236921
arale-norimaki,sprint,10,1.40969,2.36418,1.05448,1.90424,0.39004217369999994
kazuki-muto,crouchBlock,8,1.8066799999999998,3.02867,2.0713200000000005,3.3789,0.16622125000000001
gintoki-sakata,crouchBlock,8,1.1077000000000001,1.85625,1.40804,2.76881,0.36817405529999997
gon-freecss,knockdown,4,0.92713,1.54798,0.34517,0.63705,0.1036479925
nami-perfect-clima-tact,cmd:2+3,10,1.03449,1.7271199999999998,1.29945,2.0486,0.1073900355
hiei,knockdown,4,0.92715,1.54705,0.33216,0.68035,0.046430385000000005
gotenks,cmd:1+3,7,1.44396,2.40716,1.81545,2.11876,0.13529926850000001
kiro,cmd:f+1,5,1.24845,2.08023,1.87726,2.4190300000000002,0.14519980799999999
kiro,jableft,5,1.24845,2.08023,1.87726,2.4190300000000002,0.14519980799999999
yoh-asakura-power-sword,juggle,2,3.08664,5.13976,2.93959,2.96442,0.31248737
yasutora-sado,crouchBlock,8,1.1489099999999999,1.90969,1.01451,1.95831,0.069246
jaguar-junichi,cmd:1+2,6,1.20893,2.0031,2.1162900000000002,2.44302,0.10108340499999999
riven,cmd:d/f+1,4,1.3695400000000002,2.26803,1.5065600000000001,1.7845199999999999,0.437020611
kurama,cmd:1+2,8,1.03433,1.7118300000000002,1.314,2.2285500000000003,0.1370021016
kurama,sidestepLeft,8,0.92706,1.53363,1.89052,2.37319,0.132875808
kurama,sidestepRight,8,0.92706,1.53363,1.89052,2.37319,0.132875808
renji-abarai,cmd:1+4,11,2.02454,3.3459700000000003,2.5343600000000004,3.6806900000000002,0.724344588
monkey-d-luffy-2nd-gear,crouchBlock,8,1.1983,1.9797399999999998,0.44905,2.2292899999999998,0.5702048994000001
pegasus-seiya,cmd:d+2,5,1.3756199999999998,2.27068,1.18017,2.78183,0.2767742664
momotaro-tsurugi,cmd:3+4,6,1.61471,2.6649399999999996,1.87843,2.9333,0.4882900748
yoh-asakura,juggle,2,2.56078,4.22592,2.37777,2.69675,0.2439961875
ryotsu-kankichi,crouchBlock,8,1.23234,2.02825,1.74814,2.42801,0.14536392
frieza,chargeKi,5,1.3694199999999999,2.25164,1.26402,2.4354999999999998,0.39349856
gintoki-sakata,cmd:1+3,7,1.02274,1.68066,1.26035,1.8693199999999999,0.29421227499999997
nami-perfect-clima-tact,crouchBlock,8,1.03449,1.6983699999999997,1.30376,1.80345,0.24383820120000002
pegasus-seiya,walkForward,8,1.38286,2.26904,1.8860100000000002,2.3822799999999997,0.2579603598
pegasus-seiya,jableft,4,1.27055,2.0846600000000004,1.7892899999999998,2.06589,0.16114875
kakashi-hatake,cmd:1+2,4,1.37823,2.26122,1.83222,2.3153499999999996,0.20279999999999998
kakashi-hatake,jableft,5,1.37823,2.26122,1.83222,2.3153499999999996,0.2136104545
naruto-uzumaki-nine-tails-kyubi,cmd:1+3,6,2.05132,3.35906,1.96257,3.6279,0.3560900475
heihachi-edajima,jableft,4,1.32045,2.16152,1.48199,2.3114300000000005,0.2803710338
hiei,juggle,2,1.46284,2.3943000000000003,0.91828,1.1741100000000002,0.2259625
cygnus-hyoga,backflip,8,1.08691,1.77817,1.73265,2.13395,0.09285700000000001
cygnus-hyoga,crouch,8,1.08691,1.77817,1.73265,2.13395,0.09285700000000001
cygnus-hyoga,jableft,8,1.08691,1.77817,1.73265,2.13395,0.09285700000000001
dr-mashirito,cmd:3+4,9,1.17466,1.92141,1.71475,1.91494,0.020824940500000003
train-heartnet,backflip,8,0.87247,1.42404,0.74281,2.87316,0.249335336
jotaro-kujo,crouchBlock,8,1.26708,2.06637,1.5954,2.7554799999999995,0.16442608
jotaro-kujo,jabright,5,1.26708,2.06637,1.7638999999999998,2.7554799999999995,0.1086698789
toshiro-hitsugaya,walkForward,8,2.27598,3.71084,2.08217,3.4593300000000005,0.18145224319999997
killua-zoldyck,cmd:2+3,8,0.8864400000000001,1.44496,1.40644,2.07909,0.21761250000000001
sven-vollfied,backflip,8,0.81633,1.32851,1.49707,2.3911300000000004,0.07634042640000001
sven-vollfied,idle,4,0.81633,1.32851,1.49707,2.35771,0.06432784890000001
yoh-asakura,backflip,8,1.28506,2.09112,1.8316800000000002,2.8591,0.3661340248
raoh,cmd:1+4,8,1.0861399999999999,1.76739,0.7989,2.07936,0.1497
franky,chargeKi,6,1.28452,2.08735,1.6666,2.7672399999999997,0.0821112
momotaro-tsurugi,cmd:1+4,8,1.6420399999999997,2.6649399999999996,1.86605,2.34321,0.23165628419999998
arale-norimaki,walkForward,8,1.29282,2.0968400000000003,1.69761,2.6563799999999995,0.1061671
kenshin-himura,cmd:1+3,4,1.3952200000000001,2.26279,1.7944600000000002,2.7683200000000006,0.351247176
ryotsu-kankichi,kickright,6,1.2680699999999998,2.05431,1.71523,2.35181,0.071803326
bobobo-bo-bo-bobo,walkForward,8,1.15557,1.8717599999999999,1.76828,2.10162,0.18897645000000002
eve,sprint,10,1.4162500000000002,2.29076,0.44407,1.7925600000000002,0.1992781683
raoh,cmd:1+3,7,1.5129100000000002,2.4441100000000002,1.8701,2.21488,0.12901893
yoh-asakura-power-sword,cmd:1+3,6,2.3659,3.8219700000000003,0.9460700000000001,2.66895,0.60987153
yoh-asakura-power-sword,jabright,6,2.3659,3.8219700000000003,0.9460700000000001,2.66895,0.60987153
gintoki-sakata,backflip,8,0.9963,1.6076700000000002,1.3185999999999998,2.5154700000000005,0.2003862448
kenshiro,walkForward,9,1.27192,2.05178,1.97893,2.4604500000000002,0.23749433099999998
nami-perfect-clima-tact,knockdown,4,0.92714,1.49491,0.36715000000000003,0.82047,0.055159103999999994
rukia-kuchiki,kickright,5,1.3250199999999999,2.12489,1.9542199999999998,2.98868,0.1444483789
jaguar-junichi,cmd:3+4,4,1.43342,2.29704,2.0148599999999997,2.56426,0.4275585111
ichigo-kurosaki,cmd:1+3,6,1.71482,2.74793,1.44031,2.5194900000000002,0.6622399806
dr-mashirito,juggle,2,1.2361300000000002,1.9785499999999998,0.62995,2.2114499999999997,0.0582302224
yugi-mutou,walkForward,8,1.18988,1.90279,1.8393,2.3942300000000003,0.2164753602
jotaro-kujo,jump,4,1.48794,2.37942,1.6204299999999998,3.39117,0.35709650249999997
kenshiro,getupStand,7,0.9272,1.4824700000000002,0.40361,1.85329,0.13004212499999998
riven,cmd:FC+2,6,1.14353,1.82596,1.16602,2.435,0.4148584
riven,kickright,10,1.14353,1.82596,1.49031,2.435,0.4148584
kiro,backflip,4,1.4089099999999999,2.2490799999999997,1.1241599999999998,2.62074,0.40729926
ryotsu-kankichi,knockdown,4,1.46129,2.33178,0.8348,1.36385,0.2186843412
kiro,cmd:1+3,4,1.1291099999999998,1.80094,1.69401,2.2990799999999996,0.1941841341
kiro,cmd:d/f+2,5,1.1291099999999998,1.80094,1.69401,2.3504800000000006,0.1941841341
train-heartnet,walkForward,8,1.2686,2.02141,1.581,1.83365,0.262885
allen-walker,backflip,4,1.48591,2.36708,1.49718,2.6917,0.41538524400000004
gon-freecss,cmd:1+2,7,1.43519,2.2839400000000003,1.48999,2.22073,0.24385481219999997
piccolo,knockdown,4,2.10923,3.35561,1.2300900000000001,2.18343,0.10656494709999999
arale-norimaki,cmd:1+2,6,1.4447800000000002,2.29645,2.22332,2.9023899999999996,0.1649953476
jotaro-kujo,kickleft,7,1.04226,1.65157,1.6922499999999998,2.5359300000000005,0.2231496184
vegeta-super-saiyan,jableft,4,1.3086,2.06953,1.6624599999999998,1.9531399999999999,0.1449273774
dio,chargeKi,10,0.6771100000000001,1.07023,1.67425,2.20978,0.1784623116
jotaro-kujo,chargeKi,11,1.05212,1.6607399999999999,1.91041,2.38503,0.16586894400000002
yoh-asakura,cmd:1+2,5,1.5291299999999999,2.41276,1.35581,2.33048,0.10829252610000001
kinnikuman,chargeKi,3,1.3650900000000001,2.15306,1.55566,2.1139,0.057675689100000004
roronoa-zoro,cmd:1+2+3,12,1.49776,2.36109,0.93961,2.07911,0.2956518465
dr-mashirito,sprint,10,1.03661,1.63205,0.62995,3.1567700000000003,0.1315806606
gintoki-sakata,cmd:1+4,5,1.22431,1.92727,1.1553099999999998,2.47819,0.3098888
heihachi-edajima,cmd:2+4,8,1.07106,1.68337,1.90303,2.40219,0.19377205980000003
roronoa-zoro,cmd:1+3,8,1.32544,2.08106,1.67477,2.1904899999999996,0.16318745729999998
roronoa-zoro,crouchBlock,8,1.32544,2.08106,1.4475699999999998,2.1904899999999996,0.19239963
monkey-d-luffy,cmd:1+2,5,1.13738,1.78566,0.5985100000000001,1.5843,0.171373427
taikoubou,cmd:1+4,5,1.15411,1.8099,1.77831,2.25252,0.3219006762
kenshin-himura,walkForward,8,1.39036,2.18029,1.64005,2.62776,0.22972768
dio,jableft,4,0.82545,1.2939500000000002,1.7938,2.13349,0.2920669776
killua-zoldyck,cmd:2+4,7,0.9322,1.45955,1.9924699999999997,2.1736000000000004,0.07745
nico-robin,walkForward,8,1.00916,1.5798999999999999,1.0972700000000002,1.75806,0.1160048241
ryotsu-kankichi,walkForward,8,1.5598800000000002,2.43919,1.7910100000000002,2.0564199999999997,0.2960295742
vegito,knockdown,4,1.42495,2.22656,0.65743,1.2206900000000003,0.0359221152
yusuke-urameshi,cmd:2+3,8,1.3282600000000002,2.0720799999999997,1.80819,2.32255,0.15443281
kiro,cmd:1+4,7,1.24855,1.94601,1.33001,2.2168099999999997,0.2529953632
bobobo-bo-bo-bobo,jableft,4,1.2695,1.97531,2.07931,2.3529400000000003,0.17333
goku,knockdown,4,2.3706300000000002,3.6856999999999998,1.27983,2.31092,0.0602880656
riven,cmd:SS+4,4,1.26368,1.96333,1.0851199999999999,1.61138,0.28201626700000004
kazuki-muto,chargeKi,7,1.51478,2.35121,2.83527,3.3339600000000003,0.22054203569999997
kagura,cmd:3+4,5,1.2340200000000001,1.9144599999999998,1.46649,1.99988,0.1505645459
taikoubou,cmd:1+3,3,1.19666,1.8550999999999997,1.5991399999999998,2.2525199999999996,0.11859213509999998
heihachi-edajima,cmd:1+3,4,1.10562,1.71164,1.73112,1.97301,0.0850376784
kinnikuman,cmd:2+4,11,1.43914,2.22795,1.70115,2.59052,0.14569300000000002
yusuke-urameshi,walkForward,8,1.47791,2.28756,1.68008,1.91933,0.30040018679999997
lenalee-lee,walkForward,8,1.6572900000000002,2.5639200000000004,1.3102500000000001,2.0867,0.1308377272
ryotsu-kankichi,jableft,4,1.87466,2.89722,2.19723,2.5479499999999997,0.3583993666
rukia-kuchiki,crouchBlock,8,1.41654,2.18301,1.9542199999999998,2.98868,0.14891100000000002
gotenks,cmd:2+3,4,1.15682,1.7810700000000002,1.81545,2.19178,0.05359527399999999
naruto-uzumaki-nine-tails-kyubi,kickleft,6,2.4902699999999998,3.833,1.52156,2.21114,0.40323236400000007
yoh-asakura-power-sword,cmd:1+2+3,6,2.74747,4.22768,1.5108,2.9216900000000003,0.7777710875
killua-zoldyck,jableft,4,0.91046,1.39873,1.9924699999999997,2.34689,0.13783660390000002
kagura,kickleft,7,1.5109000000000001,2.3204599999999997,1.41047,2.47478,0.197694
naruto-uzumaki-nine-tails-kyubi,walkForward,7,1.7029800000000002,2.6134700000000004,0.8294400000000001,1.5451499999999998,0.5514774656
anna-kyoyama,knockdown,4,1.3905699999999999,2.1339300000000003,0.7009299999999999,1.32836,0.12140959530000002
yoh-asakura-power-sword,cmd:1+2,8,2.37276,3.64114,1.262,2.9835100000000003,0.6987918816
nami,chargeKi,3,1.3955700000000002,2.14008,2.4430099999999997,2.9837500000000006,0.27451
goku-super-saiyan,cmd:1+2,12,1.31481,2.01424,1.55397,2.27175,0.30730752
kiro,cmd:2+4,4,2.2658199999999997,3.4649,1.98249,2.54527,0.2125126102
jotaro-kujo,getupStand,8,1.26482,1.9325999999999999,0.85402,1.67426,0.174669552
sanji-vinsmoke,cmd:1+4,6,0.85659,1.30711,0.69608,1.87263,0.114422125
gohan-super-saiyan-2,chargeKi,5,0.9573200000000001,1.4573800000000001,2.06476,2.1435999999999997,0.064333776
kurama,knockdown,4,1.14482,1.74105,0.69148,1.05802,0.08640190019999999
allen-walker,jableft,5,1.02543,1.55831,1.72021,2.1368500000000004,0.2398632
kenshiro,knockdown,4,0.9272,1.40886,0.40361,0.72816,0.0984519228
ichigo-kurosaki,chargeKi,4,1.2692999999999999,1.92572,1.66639,2.72034,0.240810675
arale-norimaki,crouchBlock,8,1.4271500000000001,2.16302,1.81654,2.5774199999999996,0.1742443028
goku-super-saiyan,jableft,6,1.31481,1.99089,1.49152,1.9827499999999998,0.20188168
don-patch-poppa-rocks,jableft,5,1.8306399999999998,2.77155,1.8987,2.24428,0.4621016542
yasutora-sado,kickleft,4,1.14243,1.7287,1.37448,1.90591,0.1562599596
yasutora-sado,sidestepRight,4,1.14243,1.7287,1.37448,1.90591,0.1562599596
nami-perfect-clima-tact,cmd:3+4,8,1.11008,1.6796099999999998,1.5021,1.83806,0.1661244
vegeta-super-saiyan,chargeKi,4,0.96498,1.4569300000000003,1.8958,2.1649700000000003,0.0795802261
franky,jabright,5,1.91737,2.8945099999999995,1.9573399999999999,2.74576,0.307395186
rukia-kuchiki,juggle,2,1.52728,2.30525,1.21383,1.4028100000000001,0.2381434192
majin-buu,chargeKi,10,1.3302399999999999,2.00524,2.10312,2.3563199999999997,0.23616424380000003
majin-buu,cmd:3+4,8,1.0893000000000002,1.6416300000000001,1.68713,2.0117,0.1690931528
yasutora-sado,sidestepLeft,3,1.26749,1.90969,1.01451,1.59653,0.039145502799999995
sakura-haruno,sprint,10,0.9271399999999999,1.39668,0.34517,2.17377,0.4013421059
jotaro-kujo,walkForward,8,1.24554,1.8747299999999998,1.90327,2.4999299999999995,0.21708477450000002
kenshin-himura,cmd:1+2+3,7,1.55606,2.3408100000000003,1.5206799999999998,3.8828300000000002,0.3259878369
kenshiro,jableft,8,1.2618,1.8980400000000002,1.87136,2.11782,0.1145762523
jaguar-junichi,backflip,8,0.89651,1.34855,1.18401,1.90521,0.1178758364
train-heartnet,cmd:2+3,8,1.02165,1.53417,1.35647,2.26681,0.09466434600000001
ichigo-kurosaki,jableft,6,1.50549,2.25852,1.0206,2.1718599999999997,0.46304508659999993
ichigo-kurosaki,jabright,4,1.50549,2.25852,1.0206,2.1718599999999997,0.46304508659999993
yusuke-urameshi,jabright,6,1.1349,1.699,1.58815,2.19902,0.138569646
yugi-mutou,jableft,7,1.2323,1.8447300000000002,2.2639299999999998,2.4357099999999994,0.2764759788
kenshiro,crouchBlock,8,1.04864,1.5675299999999999,1.74133,2.21092,0.18095749940000003
kazuki-muto,knockdown,4,1.25965,1.87875,0.46287999999999996,0.98245,0.0694866472
dr-mashirito,jableft,6,1.3735400000000002,2.04713,1.9842899999999999,2.2821,0.1664760254
hiei,jableft,4,1.57849,2.3521199999999998,1.44133,2.07923,0.2079372944
neuro-nogami,juggle,2,1.59618,2.37634,1.1743999999999999,2.3183599999999998,0.16570400000000002
pegasus-seiya,jabright,5,1.41713,2.10891,1.89794,2.13007,0.1700276796
kenshin-himura,jump,5,1.51455,2.25381,1.67836,2.47929,0.06970453
roronoa-zoro,knockdown,4,1.16432,1.73228,0.5710700000000001,1.05269,0.13977372
kinnikuman,crouchBlock,8,1.68763,2.5086500000000003,1.9131799999999999,2.63723,0.206112
kiro,jabright,5,1.8037100000000001,2.68057,1.85412,2.56937,0.174873185
riven,cmd:FC+4,4,1.2258499999999999,1.82089,1.16602,1.99909,0.4239729
toshiro-hitsugaya,crouchBlock,8,2.3595300000000003,3.5026800000000002,1.27024,3.17767,0.42043416
gohan-super-saiyan,cmd:1+2,8,1.7376,2.57939,1.93693,2.3815999999999997,0.39711395169999997
gohan-super-saiyan,jabright,5,1.7376,2.57939,2.1903799999999998,2.3815999999999997,0.39711395169999997
kinnikuman,walkForward,8,1.60763,2.3860799999999998,1.67071,2.38608,0.280829196
kazuki-muto,walkForward,6,1.92802,2.85808,1.3253199999999998,2.02805,0.24702676560000003
fuusuke,jableft,4,1.3480600000000003,1.99405,1.94154,2.1351,0.23625880179999997
heihachi-edajima,crouchBlock,8,1.29805,1.9161800000000002,1.56726,1.83803,0.2717786337
don-patch-poppa-rocks,sprint,10,2.26161,3.3376200000000003,1.52255,2.71845,0.44374610360000005
kinnikuman,jableft,5,1.6527399999999999,2.4386799999999997,1.90505,2.18756,0.1715242182
kiro,cmd:qcf+4,4,1.8172100000000002,2.68057,1.85412,2.15557,0.174873185
monkey-d-luffy-2nd-gear,getupStand,8,1.1944499999999998,1.7610000000000001,0.63189,1.38572,0.3638372168
riven,walkForward,12,1.14907,1.69398,1.3305900000000002,1.90584,0.09148538519999999
vegito,kickleft,9,1.2650599999999999,1.8613899999999999,1.18129,1.9500600000000001,0.2417358735
kenshiro,jump,4,1.07573,1.58231,1.90607,2.27732,0.1460713645
toshiro-hitsugaya,cmd:2+3,6,1.97185,2.8995299999999995,2.14129,3.1762300000000003,0.36257714999999996
vegeta,cmd:1+2,5,1.4032499999999999,2.06215,2.0192099999999997,3.02359,0.1249161353
gohan-super-saiyan,cmd:3+4,8,1.44524,2.12344,1.8739200000000003,2.74863,0.311475079
dio,cmd:3+4,5,1.23732,1.81759,1.61554,2.3135700000000003,0.2531256
yoh-asakura,cmd:1+3,8,1.99617,2.93088,1.22231,2.42801,0.16752852329999998
yoh-asakura,crouchBlock,8,1.99617,2.93088,1.22231,2.42801,0.16752852329999998
kinnikuman,cmd:1+3,9,1.2740900000000002,1.86878,1.8137,2.32676,0.200017675
bobobo-bo-bo-bobo,cmd:1+2,7,2.05252,3.0084,1.4223400000000002,2.9063499999999998,0.1522887807
raoh,cmd:1+2,13,1.1455899999999999,1.67563,1.1425800000000002,2.21795,0.33825
seto-kaiba,sprint,10,1.36979,2.00278,1.39666,2.59407,0.14810180000000003
kiro,juggle,2,1.4442,2.11142,0.92627,1.94891,0.325003125
renji-abarai,knockdown,4,1.27591,1.86432,0.43969,0.96293,0.0742863275
gotenks,cmd:1+4,6,1.2971599999999999,1.89494,1.7780200000000002,2.55707,0.2771958384
gohan-super-saiyan-2,cmd:1+4,6,1.3744800000000001,2.00639,1.24227,2.06471,0.20655648000000001
gohan-super-saiyan-2,crouchBlock,8,1.3744800000000001,2.00639,1.24227,2.1249599999999997,0.2239116446
toshiro-hitsugaya,juggle,2,2.4863500000000003,3.62831,1.8293300000000001,2.63841,0.25811500000000004
dragon-shiryu,crouchBlock,8,0.89088,1.2992599999999999,1.6633799999999999,2.0792600000000006,0.094192
dragon-shiryu,kickright,8,0.89088,1.2992599999999999,1.6633799999999999,2.0792600000000006,0.094192
dragon-shiryu,sidestepRight,8,0.89088,1.2992599999999999,1.6633799999999999,2.0792600000000006,0.094192
dragon-shiryu,sprint,10,0.89088,1.2992599999999999,1.6633799999999999,2.0792600000000006,0.094192
kiro,cmd:1+2,5,1.27654,1.86033,1.8192,2.44811,0.2447500713
roronoa-zoro,cmd:1+2,7,1.36965,1.99559,1.4475699999999998,1.91681,0.19239963
piccolo,cmd:1+3,13,1.91778,2.79413,1.80261,2.2870799999999996,0.22031271019999998
dragon-shiryu,jableft,7,0.89088,1.29645,1.6633799999999999,1.93071,0.094192
piccolo,jableft,3,1.9956900000000002,2.90177,1.8177199999999998,2.32558,0.29724532530000003
yusuke-urameshi,cmd:1+4,6,1.3282600000000002,1.9309000000000003,0.9131100000000001,2.7589,0.08742563480000001
nami-perfect-clima-tact,juggle,2,2.6875099999999996,3.9020799999999998,1.85653,4.17442,0.36660694720000003
bobobo-bo-bo-bobo,getupStand,8,1.33033,1.93013,0.7284999999999999,2.2352299999999996,0.3213630596
caramelman-j,jabright,8,1.85405,2.68231,2.07931,3.00155,0.09098244999999999
ryotsu-kankichi,cmd:1+4,8,1.5980699999999999,2.3119,1.90585,2.69047,0.416
vegeta,jabright,4,2.40494,3.47809,2.2216899999999997,2.93228,0.24080230159999996
nico-robin,juggle,2,1.76591,2.55259,1.81121,2.40663,0.21891705660000002
killua-zoldyck,walkForward,8,0.96974,1.40073,1.93054,2.30185,0.1251511056
gohan-super-saiyan,knockdown,4,1.26148,1.8200699999999999,0.5272699999999999,0.95936,0.2151765826
kenshiro,cmd:1+3,6,1.31663,1.8980400000000002,1.87136,2.11782,0.1145762523
gon-freecss,cmd:1+4,7,1.24032,1.7877399999999999,1.5852600000000001,2.0790100000000002,0.2287657078
riven,win,7,0.86593,1.2473,1.62868,2.2524800000000003,0.017333264
eve,knockdown,4,1.4243700000000001,2.0508300000000004,0.69794,1.10707,0.17427672
momotaro-tsurugi,cmd:2+3,7,1.63591,2.35358,1.64911,2.23388,0.45762016799999994
eve,jump,6,1.3121,1.88739,1.36142,2.13965,0.0998801765
vegeta-super-saiyan,knockdown,4,1.4561700000000002,2.09315,0.7636700000000001,0.9787,0.11939599279999998
yoh-asakura,jabright,6,2.0410399999999997,2.93088,1.22231,2.19232,0.16752852329999998
riven,cmd:qcf+3,5,1.09819,1.57668,1.16602,1.75748,0.089448552
heihachi-edajima,jabright,4,1.5358899999999998,2.20075,1.56726,1.86207,0.254013802
kurama,crouchBlock,8,1.0966200000000002,1.57019,1.80459,2.05023,0.1626565972
kurama,jabright,12,1.0966200000000002,1.57019,1.65929,2.2285500000000003,0.1626565972
yugi-mutou,chargeKi,6,1.20309,1.7149599999999998,1.81529,2.9629499999999998,0.1686655376
yugi-mutou,cmd:1+3,5,1.10514,1.57184,2.0325999999999995,2.3272,0.0575377614
yugi-mutou,cmd:2+3,4,1.10514,1.57184,2.0325999999999995,2.3272,0.0575377614
yugi-mutou,crouchBlock,8,1.10514,1.57184,1.8713,2.3272,0.078003
yugi-mutou,jabright,10,1.10514,1.57184,1.8713,2.3272,0.078003
sakura-haruno,knockdown,4,0.9271399999999999,1.3184399999999998,0.34517,0.43913,0.027278999999999998
don-patch-poppa-rocks,crouchBlock,8,1.79874,2.55732,1.72497,2.38413,0.18831931219999998
eve,juggle,2,1.61127,2.29076,1.19076,1.7925600000000002,0.1992781683
eve,chargeKi,3,1.1221400000000001,1.5848200000000001,1.1688999999999998,1.17482,0.054668085
dio,juggle,2,1.8370600000000001,2.59138,1.76353,2.4833499999999997,0.0810188652
caramelman-j,chargeKi,8,1.9039000000000001,2.68231,1.9596500000000001,2.9107199999999995,0.12037402920000001
toshiro-hitsugaya,jump,4,2.26497,3.19062,2.9500499999999996,3.32092,0.0937248
don-patch-poppa-rocks,knockdown,4,2.26161,3.18472,1.59166,2.71845,0.3504450874
don-patch-poppa-rocks,kickright,8,1.67076,2.3522600000000002,1.02748,2.5054700000000003,0.16599496269999997
momotaro-tsurugi,backflip,8,1.37006,1.92386,1.52487,2.7661100000000003,0.21568246800000002
monkey-d-luffy,walkForward,8,1.54862,2.17345,1.57659,2.3669399999999996,0.13484062500000002
roronoa-zoro,jabright,8,1.47364,2.06223,0.9907200000000002,2.28172,0.39506399999999997
dr-mashirito,walkForward,4,1.8372600000000001,2.56727,1.76224,2.46025,0.1125345243
rukia-kuchiki,chargeKi,5,0.97652,1.3639899999999998,2.03914,2.71448,0.08183823450000001
riven,juggle,2,1.6006200000000002,2.2335100000000003,1.25992,1.3804,0.017036346600000002
train-heartnet,juggle,2,2.62529,3.6622700000000004,1.62728,1.9769500000000002,0.8426581300000001
sakura-haruno,walkForward,8,1.4457,2.0162199999999997,1.87115,2.1714,0.148905
don-patch-poppa-rocks,jabright,5,1.79874,2.5034099999999997,1.953,2.26687,0.1790578682
yoh-asakura,walkForward,8,2.0177199999999997,2.80756,2.2055,2.7490300000000003,0.15260625
monkey-d-luffy-2nd-gear,juggle,2,1.04114,1.4478,0.8105199999999999,1.33883,0.3258864
heihachi-edajima,chargeKi,8,1.3870900000000002,1.92774,1.4533200000000002,1.87828,0.08006505
dr-mashirito,jump,3,1.28449,1.78494,1.6184999999999998,1.905,0.0578399653
goku-super-saiyan,kickleft,8,1.3305099999999999,1.84635,1.2063499999999998,1.91502,0.24686549700000002
goku,cmd:1+2,12,1.8786399999999999,2.6061199999999998,2.09224,3.02094,0.4237320252
ryotsu-kankichi,chargeKi,8,1.2870599999999999,1.78545,1.65499,2.00416,0.0639459289
gintoki-sakata,jump,4,1.1170900000000001,1.54595,1.31303,1.6527199999999997,0.13693889380000002
neuro-nogami,cmd:1+3,7,1.20573,1.6683,2.07316,2.2525,0.1669086531
monkey-d-luffy-2nd-gear,cmd:1+2,6,1.33137,1.84146,0.9641700000000001,1.7060499999999998,0.4016844672
pegasus-seiya,cmd:1+3,4,1.3341399999999999,1.84161,1.50007,2.55029,0.23622319040000003
kurama,cmd:1+3,11,1.0421,1.4380799999999998,1.6593499999999999,2.10222,0.23300159999999998
cygnus-hyoga,kickleft,8,0.9776,1.3467699999999998,1.38379,2.19484,0.15273851600000002
cygnus-hyoga,sidestepRight,8,0.9776,1.3467699999999998,1.38379,2.19484,0.15273851600000002
toshiro-hitsugaya,cmd:1+2,5,1.99377,2.7457700000000003,1.97327,3.1190300000000004,0.2741934
hiei,cmd:2+3,6,1.3273800000000002,1.82602,1.6241999999999999,2.40395,0.1442405728
rukia-kuchiki,walkForward,8,1.8274400000000002,2.51007,2.12231,2.8586400000000003,0.31390875
raoh,kickleft,6,1.0861399999999999,1.48997,0.7989,2.07931,0.1481497254
heihachi-edajima,walkForward,8,1.05829,1.4517600000000002,2.08939,3.1532799999999996,0.07263079830000001
kiro,walkForward,10,1.5989999999999998,2.1882800000000002,2.0574299999999996,2.7068300000000005,0.1749991602
arale-norimaki,jableft,3,1.5811000000000002,2.16302,2.0788699999999998,2.42535,0.11720592
hiei,cmd:2+4,5,1.73231,2.36519,1.68053,2.10904,0.3654153435
nico-robin,sidestepLeft,4,0.8848199999999999,1.20797,1.61509,2.1500700000000004,0.0632656262
nico-robin,sidestepRight,4,0.8848199999999999,1.20797,1.61509,2.1500700000000004,0.0632656262
killua-zoldyck,cmd:1+2,12,0.9276200000000001,1.26621,1.43553,1.8963999999999999,0.1412782668
piccolo,crouchBlock,8,1.6863800000000002,2.30039,1.63367,2.40545,0.083953377
piccolo,kickright,8,1.6863800000000002,2.30039,1.63367,2.40545,0.253552
killua-zoldyck,sidestepLeft,6,0.91046,1.24131,2.1736000000000004,2.4334599999999997,0.14907620000000002
killua-zoldyck,sidestepRight,6,0.91046,1.24131,2.1736000000000004,2.4334599999999997,0.14907620000000002
vegeta-super-saiyan,jump,2,1.27281,1.7341600000000001,1.72026,2.57825,0.140678
yoh-asakura,cmd:3+4,7,2.12975,2.90157,1.43077,3.1861600000000005,0.4479327498
kiro,cmd:FC+1,4,1.7414100000000001,2.3690599999999997,1.9568599999999998,2.56328,0.309141746
gotenks,cmd:1+2,5,1.35697,1.8445799999999999,1.62313,2.61052,0.117520416
arale-norimaki,jump,3,1.18139,1.60448,1.49664,2.04738,0.024329205
sakura-haruno,juggle,2,1.39668,1.8955400000000002,0.8615499999999999,2.1122799999999997,0.4013421059
renji-abarai,jabright,4,2.4285300000000003,3.2942500000000003,1.9682000000000002,2.98871,0.5294722506
taikoubou,knockdown,4,0.9481599999999999,1.28573,0.40629,0.5303800000000001,0.0408308129
killua-zoldyck,cmd:1+3,14,0.93549,1.26621,1.38715,1.62256,0.1115842192
yoh-asakura-power-sword,idle,4,2.4220800000000002,3.27833,1.7361,2.34138,0.0848552006
dr-mashirito,crouchBlock,8,1.24996,1.68913,1.8538999999999999,2.27405,0.1780316139
gohan-super-saiyan,kickleft,6,1.4326599999999998,1.93245,0.7551499999999999,3.0927000000000002,0.38675000000000004
kagura,cmd:1+2+3,8,1.42113,1.91361,2.4746,2.99872,0.3191543568
kakashi-hatake,juggle,2,1.8528100000000003,2.4913000000000003,0.86633,1.5628,0.164414952
pegasus-seiya,cmd:1+4,3,1.39539,1.87004,1.8529,1.8740899999999998,0.1890712824
pegasus-seiya,kickleft,3,1.39539,1.87004,1.8529,1.8740899999999998,0.1890712824
riven,cmd:FC+1,4,1.2258499999999999,1.6354600000000001,1.16602,1.99909,0.13636560279999999
gohan-super-saiyan-2,kickleft,5,1.1242900000000002,1.49951,0.60359,1.77588,0.103151388
vegito,cmd:2+3,6,1.30498,1.7397,1.41497,1.70672,0.1589913
pegasus-seiya,chargeKi,7,1.34057,1.7861900000000002,1.74156,2.3528200000000004,0.1649850111
renji-abarai,juggle,2,1.74003,2.31723,1.10706,2.0333699999999997,0.2720320456
caramelman-j,backflip,8,2.1185500000000004,2.82069,1.984,3.4379299999999997,0.1171326
monkey-d-luffy,jableft,6,1.60219,2.1326099999999997,0.67496,1.74857,0.4611690639
kakashi-hatake,cmd:2+4,6,2.10465,2.794,2.15713,2.37461,0.20216219659999998
jotaro-kujo,knockdown,4,1.4615399999999998,1.92377,0.85402,1.0077999999999998,0.129476322
kiro,kickright,4,1.61776,2.12868,1.62536,2.2990799999999996,0.2710200539
yoh-asakura-power-sword,walkForward,7,2.39817,3.15503,1.9183700000000001,2.4712099999999997,0.47341057500000006
nami-perfect-clima-tact,chargeKi,3,1.11787,1.46733,1.7958,1.9792500000000002,0.18351233369999997
piccolo,chargeKi,4,1.5624500000000001,2.04931,1.67229,2.0493099999999997,0.24398462540000002
kurama,jump,5,1.38368,1.81459,1.7844399999999998,2.48348,0.10349140760000002
yugi-mutou,knockdown,4,1.24194,1.62334,0.52104,0.7098700000000001,0.057082115999999995
vegeta-super-saiyan,juggle,2,3.9297000000000004,5.13252,2.4253100000000005,3.642,1.026875
neuro-nogami,cmd:3+4,11,1.15718,1.51007,1.13306,1.87133,0.15407200000000001
fuusuke,chargeKi,5,1.1430500000000001,1.4902499999999999,1.74737,2.07896,0.052
momotaro-tsurugi,walkForward,8,2.35956,3.06152,1.9661699999999998,2.43863,0.47665878400000006
majin-buu,sidestepLeft,11,0.96658,1.2526199999999998,1.8393,2.74103,0.04895720519999999
majin-buu,sidestepRight,12,0.96658,1.2526199999999998,1.8393,2.74103,0.04895720519999999
don-patch-poppa-rocks,cmd:3+4,8,1.77093,2.29238,1.77093,2.98746,0.12163866400000001
vegeta-super-saiyan,sidestepRight,2,1.33295,1.7200600000000001,1.74047,2.46427,0.1860511262
piccolo,cmd:2+3,6,1.7395200000000002,2.24231,1.7916299999999998,2.40545,0.253552
yoh-asakura,cmd:2+3,5,2.00516,2.57005,1.92329,2.39574,0.17719819000000003
yoh-asakura,idle,4,1.7036799999999999,2.1834,1.85862,2.2047000000000003,0.1285545186
kurama,juggle,2,1.76896,2.26382,1.3842400000000001,2.05312,0.1731256568
kiro,cmd:WR+4,3,1.4089099999999999,1.80094,2.09362,2.2990799999999996,0.139425
seto-kaiba,chargeKi,6,6.22218,7.94904,2.17584,6.22218,1.1925000000000001
seto-kaiba,kickleft,6,6.22218,7.94904,2.17584,6.22218,1.1925000000000001
vegeta,walkForward,4,1.8905399999999999,2.41273,1.65412,1.93643,0.256113297
riven,cmd:2+3,7,0.86593,1.10456,1.62868,2.2524800000000003,0.035846478
gintoki-sakata,kickleft,4,1.2178200000000001,1.5513400000000002,1.4682,2.05819,0.1385638899
bobobo-bo-bo-bobo,knockdown,4,1.51526,1.93013,0.75741,1.1027,0.1495582866
train-heartnet,jump,4,1.2126800000000002,1.54455,1.63899,1.99257,0.09658272
riven,cmd:FC+3,3,1.2258499999999999,1.55928,1.16602,1.64518,0.089448552
goku-super-saiyan,walkForward,4,1.5894000000000001,2.02109,1.1694,1.57179,0.22352999999999998
caramelman-j,walkForward,9,2.11455,2.6866200000000005,1.96486,2.19937,0.227105483
gintoki-sakata,juggle,2,1.93457,2.4536,1.37631,1.40746,0.34200491939999994
vegeta-super-saiyan,walkForward,4,1.35307,1.7151199999999998,1.18387,1.3246200000000001,0.183302736
rukia-kuchiki,jump,4,1.50592,1.9022100000000002,2.4006100000000004,2.50322,0.07512648
ryotsu-kankichi,cmd:1+2,6,2.0092,2.53261,0.9811200000000001,2.10269,0.42729115069999996
heihachi-edajima,knockdown,4,1.26636,1.59051,0.63295,0.95905,0.027415865400000003
jaguar-junichi,jump,3,1.39001,1.74335,2.04198,2.55814,0.0660764208
yugi-mutou,jump,4,1.3012700000000001,1.6292200000000001,1.80201,2.2649,0.24717079390000002
fuusuke,jump,6,1.28989,1.61436,1.62943,2.01958,0.058229987799999994
monkey-d-luffy-2nd-gear,cmd:1+3,5,1.5788099999999998,1.97275,0.79698,2.2292899999999998,0.5702048994000001
monkey-d-luffy-2nd-gear,jabright,5,1.5788099999999998,1.97275,1.73856,2.2292899999999998,0.2261425
ryotsu-kankichi,cmd:2+4,3,1.47603,1.8407499999999999,1.93042,2.20907,0.1363012
jaguar-junichi,cmd:2+4,8,0.96758,1.2056499999999999,1.24606,2.27304,0.15659072
fuusuke,cmd:2+3,6,1.20876,1.50294,1.64575,2.03367,0.1143488148
renji-abarai,idle,4,2.27642,2.82989,2.0574500000000002,2.2266000000000004,0.44086975309999993
renji-abarai,walkForward,8,2.2737999999999996,2.82627,2.4559200000000003,3.25725,0.24794119420000002
vegito,walkForward,4,1.60044,1.98922,1.17753,1.547,0.225093
nami,knockdown,4,1.10545,1.3731099999999998,0.45863,0.75362,0.11476025000000001
goku,crouchBlock,8,2.09844,2.6061199999999998,2.15931,3.02094,0.40372332
nami,idle,6,1.80252,2.2380199999999997,1.97027,2.25819,0.1424325
killua-zoldyck,crouchBlock,8,1.02084,1.26621,1.43553,2.0869899999999997,0.1075364517
raoh,walkForward,8,1.3240500000000002,1.6408299999999998,1.52512,2.08853,0.285334905
gohan-super-saiyan-2,juggle,2,1.50121,1.86034,0.9305199999999999,1.25543,0.33039776
jotaro-kujo,cmd:1+3,7,1.1389200000000002,1.40824,1.87631,2.4651,0.1599374376
yusuke-urameshi,jump,2,1.88767,2.3334,2.40706,2.5456099999999995,0.0708274742
renji-abarai,jump,4,3.19823,3.9493600000000004,3.25748,3.4555399999999996,0.5246816061
ichigo-kurosaki,walkForward,8,1.40117,1.72943,0.81105,0.96786,0.051671550200000006
yugi-mutou,cmd:1+2,6,1.10514,1.36108,1.8713,2.31028,0.078003
yugi-mutou,cmd:1+4,6,1.10514,1.36108,1.8713,2.31028,0.078003
franky,jump,5,1.59516,1.9634200000000002,2.0034199999999998,2.3785799999999995,0.131442759
kiro,cmd:D+3,3,1.9533099999999999,2.40378,1.7048799999999997,2.20749,0.0245372736
kiro,cmd:FC+3,2,1.9533099999999999,2.40378,1.8030000000000002,2.20749,0.0245372736
kiro,cmd:FC+4,2,1.9533099999999999,2.40378,1.8030000000000002,2.20749,0.0245372736
goku,jableft,4,2.02764,2.4944300000000004,2.02338,2.74568,0.31473621469999996
jotaro-kujo,kickright,3,1.21537,1.4920499999999999,2.1275,2.36287,0.16586894400000002
yusuke-urameshi,juggle,2,1.8835,2.31203,1.8363800000000001,2.09685,0.3496582954
gintoki-sakata,walkForward,8,1.21456,1.48685,1.68844,2.0661799999999997,0.1551235216
kenshin-himura,knockdown,4,0.92719,1.13494,0.36823999999999996,0.56728,0.08514847500000002
neuro-nogami,jump,4,1.54095,1.8829799999999999,1.93069,2.4604500000000002,0.0647754842
riven,cmd:f+2,4,1.11252,1.3567900000000002,1.5594000000000001,2.0937599999999996,0.0994125
arale-norimaki,juggle,2,1.57964,1.92635,1.05448,1.21082,0.39004217369999994
kinnikuman,cmd:2+3,5,1.38612,1.69027,1.02998,2.0328100000000004,0.0767381032
monkey-d-luffy-2nd-gear,jableft,3,1.65143,2.01173,1.35249,1.91937,0.12143565399999999
gohan-super-saiyan,chargeKi,3,1.6474699999999998,2.0050399999999997,2.36184,2.5782300000000005,0.22491495000000003
kenshiro,jabright,5,1.22093,1.48535,1.45929,2.2123,0.1630902
lenalee-lee,chargeKi,6,1.74783,2.12269,1.6581400000000002,1.94884,0.15170573340000001
franky,juggle,2,2.09501,2.54281,1.36152,3.5156400000000003,0.31804702370000004
ryotsu-kankichi,cmd:3+4,6,1.52022,1.8407499999999999,1.47178,2.33069,0.092086875
riven,jableft,3,1.11252,1.3452699999999997,1.5594000000000001,1.8778499999999998,0.0994125
fuusuke,cmd:1+2,7,1.12309,1.35796,1.50296,2.07896,0.21206292349999997
kakashi-hatake,cmd:1+3,4,1.10746,1.33859,1.8739299999999999,2.31572,0.1521787653
killua-zoldyck,jump,5,1.15924,1.3996400000000002,1.69783,1.88259,0.1792541569
kagura,jump,4,1.78403,2.15039,2.4652100000000003,2.8103499999999997,0.22311552480000002
gohan-super-saiyan-2,jableft,3,1.6472499999999999,1.98447,1.5397699999999999,1.9844699999999997,0.2239116446
kenshin-himura,juggle,2,1.35237,1.62853,0.90141,1.10856,0.173318268
anna-kyoyama,cmd:2+3,5,1.60562,1.9328699999999999,1.67749,2.2822199999999997,0.2107079184
fuusuke,walkForward,8,1.44766,1.7395,1.51678,1.9888499999999998,0.2414568
kurama,chargeKi,6,0.9924,1.1920699999999997,1.78481,2.25244,0.041379873799999994
majin-buu,juggle,2,1.6521,1.9804,0.87083,1.0632100000000002,0.075119847
taizo-momote,idle,4,1.3591,1.62684,2.0391,2.46888,0.048303099599999996
jotaro-kujo,juggle,2,1.904,2.27668,1.42783,1.8211699999999997,0.22776000000000002
sakura-haruno,idle,4,1.14975,1.37412,2.07911,2.22762,0.023710745900000003
naruto-uzumaki-nine-tails-kyubi,getupRollUp,8,2.2568099999999998,2.6953199999999997,1.41025,2.36536,0.5514774656
vegeta,jump,2,1.87343,2.23633,2.48138,3.2643899999999997,0.24188990000000002
kinnikuman,cmd:1+4,5,1.5662599999999998,1.86776,1.59056,2.0338499999999997,0.2684896012
kenshiro,juggle,2,1.63516,1.9499,1.17171,1.40371,0.19083518249999998
heihachi-edajima,jump,5,1.89487,2.25732,1.7555299999999998,2.3115099999999997,0.11010992300000001
nami-perfect-clima-tact,jump,3,1.21686,1.44902,1.5290500000000002,1.55016,0.1179970734
arale-norimaki,jabright,5,1.36611,1.62366,1.25528,2.12336,0.12606237979999999
don-patch-poppa-rocks,jump,4,1.97011,2.33528,2.98759,3.3265700000000002,0.12392000000000002
arale-norimaki,cmd:3+4,5,1.42096,1.68239,1.77646,2.03079,0.1777464
caramelman-j,sidestepRight,2,2.2077600000000004,2.6071999999999997,2.02674,2.2093599999999998,0.08840998399999998
kinnikuman,jump,4,1.9115,2.25511,1.96593,2.72512,0.1880070045
eve,idle,5,1.34437,1.5849,1.93781,2.1286100000000006,0.10833
piccolo,juggle,2,2.39671,2.82122,1.64191,2.20389,0.37480563299999997
vegito,jump,2,1.26558,1.4888299999999999,1.71251,2.3825799999999995,0.0931087872
dr-mashirito,chargeKi,2,1.20737,1.41947,1.81894,1.83229,0.0443846916
don-patch-poppa-rocks,juggle,2,2.84091,3.3376200000000003,2.22461,2.28822,0.3553135736
vegito,chargeKi,6,0.92191,1.08258,1.69069,2.16592,0.0427297145
kenshin-himura,cmd:2+4,9,1.36239,1.5993300000000001,1.7944600000000002,2.7683200000000006,0.2154902328
gintoki-sakata,idle,4,0.8943699999999999,1.04826,2.05843,2.10089,0.0777051
taizo-momote,crouch,4,1.47217,1.72484,1.11294,2.12755,0.1115861612
sanji-vinsmoke,chargeKi,2,0.8843300000000001,1.0361,1.28396,1.42835,0.0630363672
nami,jump,3,1.76431,2.06037,2.20418,2.4390300000000003,0.146400384
sakura-haruno,chargeKi,4,0.96875,1.12958,1.9991300000000003,2.33903,0.15826
kagura,walkForward,8,1.28804,1.4958,2.0260800000000003,2.5247900000000003,0.1317276
ryotsu-kankichi,juggle,2,2.1331599999999997,2.47341,1.4879499999999999,1.93021,0.2414298228
kinnikuman,jabright,5,2.01541,2.33676,1.46478,2.1508800000000003,0.2217803648
don-patch-poppa-rocks,walkForward,8,1.94503,2.2549900000000003,1.99763,2.68018,0.18435416999999998
bobobo-bo-bo-bobo,idle,6,1.3219600000000002,1.5319,2.0163199999999994,2.07931,0.057861999000000004
monkey-d-luffy,chargeKi,2,1.6345299999999998,1.89372,1.9071,2.4726700000000004,0.0526379754
caramelman-j,kickleft,8,2.11455,2.44867,1.96486,2.19937,0.18142848
nico-robin,jump,3,0.86609,1.00227,1.32831,1.7711800000000002,0.0501484095
caramelman-j,crouchBlock,7,1.94211,2.24689,1.52364,2.1887999999999996,0.19407648
ichigo-kurosaki,juggle,2,1.9302,2.23021,1.2508,1.82042,0.43256616
raoh,juggle,2,1.24179,1.4332799999999999,0.66999,1.4619499999999999,0.1147102596
kenshiro,chargeKi,4,1.46087,1.68282,2.1738299999999997,2.2122800000000002,0.22723207290000003
gintoki-sakata,chargeKi,4,0.90954,1.04737,1.9290600000000002,2.13699,0.036415365000000005
jaguar-junichi,sidestepLeft,5,0.92302,1.06034,1.67919,1.90521,0.1178758364
jaguar-junichi,sidestepRight,5,0.92302,1.06034,1.67919,1.90521,0.1178758364
gohan-super-saiyan,idle,4,1.72027,1.97362,2.02262,2.18544,0.07404965679999999
don-patch-poppa-rocks,chargeKi,4,1.4316300000000002,1.6409,2.2752700000000003,2.62982,0.0965795903
caramelman-j,sidestepLeft,8,2.04963,2.34538,1.83217,2.3154000000000003,0.113915142
gon-freecss,jump,4,1.84484,2.10663,2.2037599999999995,2.4949,0.107442838
gotenks,juggle,2,1.4079000000000002,1.6063299999999998,0.6318100000000001,1.04383,0.10044356139999999
neuro-nogami,idle,6,1.5191999999999999,1.73257,2.0792,2.0792400000000004,0.02889
kagura,idle,4,1.4699,1.6762199999999998,2.0438,2.18322,0.029253
monkey-d-luffy,idle,6,1.3474899999999999,1.53612,2.0484700000000005,2.1286,0.046296688200000005
majin-buu,walkForward,4,1.3403100000000001,1.52681,0.88581,0.92529,0.0790002945
monkey-d-luffy,juggle,2,1.1505,1.31045,0.75016,1.5446300000000002,0.13762062900000002
raoh,idle,6,1.40852,1.6025900000000002,1.9789,2.0793199999999996,0.1670036214
sven-vollfied,crouchBlock,8,1.21571,1.3826,2.12817,2.7408099999999997,0.09970713519999999
frieza,walkForward,4,1.8648699999999998,2.11909,2.15128,2.24759,0.1725658726
ryotsu-kankichi,jump,3,1.3503500000000002,1.53348,1.4993299999999998,2.0452199999999996,0.03835324
kagura,chargeKi,5,1.51089,1.7133600000000002,2.15667,2.28719,0.06128100000000001
goku,juggle,2,3.8066199999999997,4.30488,3.0745299999999998,3.09258,0.41011749999999997
taikoubou,idle,4,1.3364,1.5083,2.0792599999999997,2.134,0.05474
caramelman-j,kickright,8,2.1139099999999997,2.38182,1.83217,2.81878,0.0768576
momotaro-tsurugi,idle,6,2.06261,2.32132,2.0229300000000006,2.10222,0.295749675
momotaro-tsurugi,sidestepLeft,4,2.11413,2.37819,2.7184200000000005,2.9333,0.4882900748
kiro,sprint,2,2.02771,2.27966,1.6896099999999998,1.9885,0.14557625600000001
frieza,jump,2,1.6506399999999999,1.85561,3.1021199999999998,3.54356,0.182857441
yusuke-urameshi,idle,4,1.1373199999999999,1.27824,1.9222,2.11626,0.17333
bobobo-bo-bo-bobo,jump,4,2.19477,2.46455,2.3747399999999996,2.7429,0.09940586879999999
riven,crouchBlock,2,1.2258499999999999,1.37636,1.16602,1.88371,0.16307639999999998
neuro-nogami,jableft,5,1.14747,1.2877,1.9129,2.0688199999999997,0.0554030853
riven,jump,2,1.19513,1.3384,1.9561199999999999,2.19061,0.010145879099999998
kagura,juggle,2,2.0903099999999997,2.33979,1.11946,1.4554799999999999,0.37712891019999994
kenshiro,idle,6,1.3513100000000002,1.5116200000000002,2.07931,2.28721,0.155122
jaguar-junichi,juggle,2,1.18243,1.32226,0.7710899999999999,0.7880900000000001,0.1061699826
sakura-haruno,jump,4,1.16611,1.30348,1.93062,2.00881,0.1005919881
sven-vollfied,crouch,5,1.06795,1.19265,2.0984800000000003,2.3911300000000004,0.07634042640000001
seto-kaiba,idle,4,1.36979,1.52915,1.39666,2.20916,0.10625000000000001
kazuki-muto,cmd:1+3,6,2.3433100000000002,2.61235,1.51601,1.8958400000000002,0.2950342509
yugi-mutou,idle,4,1.00212,1.1170900000000001,2.0421300000000002,2.23476,0.0196149175
monkey-d-luffy-2nd-gear,knockdown,4,1.40483,1.56558,0.63189,0.88668,0.1478773884
kiro,cmd:d+1,3,1.39181,1.5482399999999998,1.9758499999999999,2.08077,0.0449235172
jotaro-kujo,cmd:1+2,19,1.2563,1.39161,2.06689,2.10682,0.1599374376
jotaro-kujo,idle,6,1.2563,1.39161,2.06689,2.10682,0.1599374376
pegasus-seiya,jump,2,1.73867,1.9259199999999999,3.01786,3.2862199999999997,0.0141767262
yoh-asakura-power-sword,jump,2,2.1816899999999997,2.4123799999999997,2.13993,2.1816899999999997,0.0194619829
don-patch-poppa-rocks,idle,6,2.18834,2.41836,2.0788699999999998,2.08154,0.22507463169999997
franky,idle,4,1.67454,1.8501800000000002,2.0172299999999996,2.1867399999999995,0.0298167912
killua-zoldyck,chargeKi,3,1.3397899999999998,1.4796099999999999,2.141,2.6224700000000003,0.1166001184
arale-norimaki,getupStand,4,1.6992200000000002,1.87419,1.12414,1.7413199999999998,0.23910523239999998
dio,walkForward,4,2.06102,2.26616,1.7108899999999998,1.93987,0.077807086
kinnikuman,sidestepLeft,2,1.70451,1.86878,2.1067,2.14786,0.08525969300000001
kinnikuman,sidestepRight,2,1.70451,1.86878,2.1067,2.14786,0.08525969300000001
yugi-mutou,sidestepRight,2,1.6057899999999998,1.7589000000000001,2.2649,2.40271,0.24717079390000002
momotaro-tsurugi,chargeKi,2,2.0514,2.2465900000000003,2.01409,2.59911,0.1678995711
gotenks-super-saiyan,walkForward,4,1.40307,1.53639,0.95285,1.1060300000000003,0.04611
taikoubou,jump,2,2.88949,3.16256,2.51249,2.5833399999999997,0.38985897180000006
gohan-super-saiyan-2,idle,4,0.9411,1.02945,2.0277999999999996,2.13365,0.0197640342
gon-freecss,cmd:2+3,4,2.17926,2.3835699999999997,1.53985,1.83672,0.6065596936000001
gon-freecss,jableft,4,2.17926,2.3835699999999997,1.53985,1.83672,0.6065596936000001
riven,sprint,2,1.36511,1.4929099999999997,1.20123,1.31369,0.0409703798
toshiro-hitsugaya,idle,5,2.1253,2.32331,2.0444,2.1994,0.0956631841
goku-super-saiyan,idle,4,1.13998,1.24477,2.0793399999999997,2.1536,0.0504908625
allen-walker,sprint,2,2.5698499999999997,2.8032199999999996,1.78738,1.8684199999999997,0.0838323897
gohan-super-saiyan-2,walkForward,4,1.87118,2.03821,1.54084,1.7527400000000002,0.038887560800000005
goku,walkForward,4,2.19921,2.39391,1.5645799999999999,1.72869,0.042648424
kazuki-muto,jump,2,2.58387,2.81051,2.0915600000000003,2.19552,0.030772010499999995
monkey-d-luffy,jump,2,1.16922,1.27128,1.87121,2.0345799999999996,0.1802232369
renji-abarai,chargeKi,4,1.6135199999999998,1.7515999999999998,2.9200500000000003,4.10241,0.066192137
allen-walker,idle,6,1.0196,1.1029200000000001,2.0792,2.24913,0.0212233464
kiro,chargeKi,4,1.51931,1.64296,2.31488,2.3735799999999996,0.0684948
gotenks,walkForward,4,1.4780799999999998,1.5960299999999998,1.0317,1.11703,0.04790034
gotenks-super-saiyan,chargeKi,2,1.09042,1.17632,1.60187,1.71134,0.0681934146
gotenks-super-saiyan,juggle,2,1.3005099999999998,1.40236,0.5607099999999999,0.9346700000000001,0.10793042100000001
gotenks,idle,4,2.15672,2.32561,1.9441,2.1860299999999997,0.2843658352
jaguar-junichi,chargeKi,2,1.0909499999999999,1.17569,1.73093,2.0384200000000003,0.07528659219999999
fuusuke,juggle,2,2.05957,2.21468,1.2233800000000001,2.27277,0.05330130000000001
nami-perfect-clima-tact,idle,4,1.0335100000000002,1.11002,1.95696,2.11774,0.039676647499999995
monkey-d-luffy-2nd-gear,jump,2,1.47651,1.5853700000000002,1.8264,1.9610599999999998,0.038880197
lenalee-lee,idle,6,1.8597599999999999,1.99128,1.94495,2.1823400000000004,0.046326950400000004
kiro,idle,4,1.40328,1.50141,2.02189,2.11041,0.050145457399999996
pegasus-seiya,idle,6,1.33391,1.42663,1.90591,2.0791900000000005,0.04078
train-heartnet,idle,4,0.80813,0.86262,2.07922,2.07923,0.03925
gotenks-super-saiyan,idle,6,0.9071800000000001,0.96776,2.0421,2.0977600000000005,0.0605358
gohan-super-saiyan,walkForward,4,2.36269,2.5160299999999998,1.86776,2.0023400000000002,0.0256874772
bobobo-bo-bo-bobo,juggle,2,4.51343,4.80197,3.55964,3.5951299999999997,0.4348075516
piccolo,walkForward,4,1.98259,2.10561,1.08387,1.2032100000000001,0.2168162199
sven-vollfied,sidestepLeft,5,1.2474,1.32477,2.12817,2.7408099999999997,0.09970713519999999
goku,idle,4,1.9518,2.0718300000000003,2.07916,2.16194,0.0901220661
frieza,idle,6,1.14115,1.21119,2.01918,2.0791900000000005,0.030299879999999998
piccolo,idle,4,2.2004799999999998,2.3352399999999998,2.02436,2.11061,0.0660447144
vegeta-super-saiyan,idle,6,0.93865,0.9952000000000001,2.0519299999999996,2.1386799999999995,0.0184422601
ryotsu-kankichi,idle,4,1.21725,1.28982,2.04729,2.10725,0.010154508000000001
kakashi-hatake,idle,6,1.8466399999999998,1.95666,2.06221,2.16829,0.19975017299999998
monkey-d-luffy-2nd-gear,idle,4,1.0392299999999999,1.10037,2.0791900000000005,2.07923,0.04078
kiro,jump,2,1.73057,1.83017,2.26332,2.3936,0.0
vegito,idle,4,1.0393999999999999,1.09884,2.0793999999999997,2.0793999999999997,0.04457
fuusuke,sidestepLeft,2,3.87555,4.09698,6.23646,6.23661,0.17829
fuusuke,sidestepRight,2,3.87555,4.09698,6.23646,6.23661,0.17829
kiro,win,3,1.33061,1.4034499999999999,1.6544500000000002,2.01783,0.0564880041
kakashi-hatake,chargeKi,3,1.16663,1.22884,1.7326300000000001,1.8074599999999998,0.070749717
yusuke-urameshi,chargeKi,4,1.25324,1.31987,1.6995399999999998,1.97524,0.038840514799999996
riven,hitHeavy,4,0.92719,0.97522,0.30886,0.38989,0.030599182399999997
riven,knockdown,5,0.92719,0.97522,0.2355,0.38989,0.030599182399999997
riven,chargeKi,4,0.99423,1.0453999999999999,1.8192199999999998,1.9637,0.0669669896
dio,idle,6,0.7977299999999999,0.8380400000000001,2.0286,2.0793399999999997,0.05032
gotenks,chargeKi,2,1.2019199999999999,1.2620200000000001,1.7280800000000003,1.79772,0.0751710148
caramelman-j,juggle,2,2.129,2.23247,1.2797,1.38367,0.039930884
sanji-vinsmoke,idle,7,0.85565,0.89645,2.0791900000000005,2.0791900000000005,0.06118
killua-zoldyck,idle,4,0.86581,0.90345,2.07909,2.0791299999999997,0.04333
kurama,idle,2,0.9975699999999998,1.03917,2.0791700000000004,2.0791700000000004,0.0624
rukia-kuchiki,idle,4,1.3182500000000001,1.36997,2.00056,2.12239,0.04727
roronoa-zoro,jump,2,2.4792,2.57456,2.0792,2.1591699999999996,0.16
goku,chargeKi,2,1.8964400000000001,1.9687200000000002,2.02581,2.14776,0.06714565
kazuki-muto,idle,6,2.59349,2.6881500000000003,1.91825,1.95829,0.08162664509999999
dr-mashirito,idle,6,1.21261,1.2558099999999999,1.96967,2.0791299999999997,0.0418433895
yoh-asakura,jump,4,3.1853299999999996,3.29149,3.17795,3.57954,0.5251158237
gon-freecss,idle,4,1.40443,1.4502,2.0391,2.0790500000000005,0.02419
arale-norimaki,idle,4,1.33615,1.37759,2.07898,2.19452,0.0255339964
hiei,jump,4,1.59151,1.63936,2.3613299999999997,2.7506199999999996,0.070868304
gohan-super-saiyan,juggle,2,2.0604,2.1223,1.3586900000000002,1.63693,0.48242414640000003
nico-robin,chargeKi,3,0.9121,0.93745,1.1568,1.24165,0.0738719003
kinnikuman,idle,4,1.65612,1.70106,1.9874900000000002,2.10924,0.07564
train-heartnet,chargeKi,3,1.57145,1.61283,2.2334699999999996,2.2334699999999996,0.23790938639999998
yasutora-sado,idle,4,0.97897,1.0044,2.00511,2.1067199999999997,0.06484224000000001
sanji-vinsmoke,jump,2,1.43866,1.47581,1.29472,1.3281399999999999,0.1291963358
naruto-uzumaki-nine-tails-kyubi,idle,6,2.58399,2.64919,1.7522600000000002,1.8210499999999998,0.40769
gohan-super-saiyan,jableft,3,2.2276100000000003,2.28085,1.93693,2.23835,0.302796
hiei,idle,2,1.4781799999999998,1.51179,2.0790500000000005,2.0790800000000003,0.07091
majin-buu,jump,2,1.17893,1.2055699999999998,1.9925299999999997,2.0791700000000004,0.0208
majin-buu,idle,4,1.6721300000000001,1.7092999999999998,2.0790800000000003,2.07909,0.04522
roronoa-zoro,idle,5,1.76526,1.8045,2.0467299999999997,2.07922,0.05887
heihachi-edajima,idle,4,1.0912700000000002,1.11354,2.03767,2.0792600000000006,0.01857
nico-robin,idle,6,0.9018600000000001,0.9192,2.0792,2.07922,0.02
momotaro-tsurugi,jump,2,2.4132800000000003,2.45561,2.54494,2.54496,0.33497337279999995
kiro,cmd:WS+4,2,2.4391100000000003,2.4812100000000004,1.7409400000000002,1.8517000000000001,0.2177313344
kenshin-himura,idle,2,1.1304699999999999,1.14522,2.06671,2.09366,0.0987908834
fuusuke,idle,4,1.24696,1.26295,2.05295,2.13895,0.052663375000000005
sanji-vinsmoke,juggle,2,1.4821,1.49884,1.00889,1.2620500000000001,0.21705254999999998
vegeta,idle,6,1.6207799999999999,1.63805,2.0048600000000003,2.1556,0.04312921599999999
raoh,jump,4,0.93448,0.94396,1.80515,1.98286,0.027780159999999998
naruto-uzumaki-nine-tails-kyubi,jump,2,2.62412,2.64924,2.04353,2.09914,0.0937477416
momotaro-tsurugi,juggle,2,3.3152,3.34358,2.58075,2.70724,0.3592699136
caramelman-j,idle,6,2.11455,2.1255100000000002,2.0792900000000003,2.1255,0.05288
heihachi-edajima,juggle,2,1.9894600000000002,1.99471,1.47587,1.5748,0.1995503
riven,idle,4,0.85168,0.8535400000000001,2.0376600000000002,2.0792600000000006,0.08357
kazuki-muto,crouch,3,1.9219600000000001,1.9250600000000002,2.39744,2.4298699999999998,0.0726716991
seto-kaiba,crouch,2,7.93674,7.94904,2.17584,4.62426,0.33126
seto-kaiba,sidestepLeft,3,7.9367399999999995,7.94904,2.17584,4.62426,0.9937499999999999
sanji-vinsmoke,sidestepLeft,3,0.7517900000000001,0.7524599999999999,1.01698,1.04431,0.08647818400000001
sanji-vinsmoke,sidestepRight,3,0.7517900000000001,0.7524599999999999,1.01698,1.04431,0.08647818400000001
goku-super-saiyan,chargeKi,2,1.48639,1.4872999999999998,1.6563999999999999,1.6891699999999998,0.0507239789
ichigo-kurosaki,idle,12,2.64919,2.64924,1.75289,1.87457,0.42808
majin-buu,jabright,2,2.25612,2.2561299999999997,1.6166699999999998,1.65429,0.43257006800000003
anna-kyoyama,idle,2,1.6215700000000002,1.6215700000000002,2.0791700000000004,2.0791700000000004,0.2704
hiei,chargeKi,3,1.1480599999999999,1.1480599999999999,2.44701,2.44701,0.0249742424
jaguar-junichi,idle,4,1.02102,1.02102,2.0792599999999997,2.0792599999999997,0.03649
